S.no,Date & Time,Machine Name,Operator No,Operator Name,Comp. Drawing No,Comp. Description,Comp. Serial No,Program No,Revision No,Actual Part Count,Run Time,Idle Time,Disconnect Time,Alarm Time,Component Status,Operation Sequence,Planned Touch Time,Start Time,End Time,Actual Run Time,Operation Status,Alarm,Message
1,04-07-2026 14:50:12,SURIN-BFW_XTRON_3,119,SANDEEP,5101,JCB PIVOT OUTER,9||302890001,-,1,546,01:57:53,01:53:44,00:07:52,00:02:13,NEW,N1,180,-,-,0,Skipped,-,-
,,,,,,,,,,,,,,,,N2,240,-,-,0,Skipped,-,-
,,,,,,,,,,,,,,,,N5,-,04-07-2026 14:58:34,04-07-2026 15:02:12,0,Unknown,-,-
,,,,,,,,,,,,,,,,N2,240,04-07-2026 15:02:12,04-07-2026 15:08:55,106,Incomplete,-,Network Off
,,,,,,,,,,,,,,,,N2,240,04-07-2026 15:08:55,04-07-2026 15:37:19,606,Incomplete,UNKNOWN,Network Off
,,,,,,,,,,,,,,,,N2,240,04-07-2026 15:37:19,04-07-2026 15:54:59,722,Incomplete,-,Network Off
,,,,,,,,,,,,,,,,N2,240,04-07-2026 15:54:59,04-07-2026 16:58:13,201,Rework-3,-,-
,,,,,,,,,,,,,,,,N1,180,04-07-2026 16:58:13,04-07-2026 16:58:18,6,Completed,-,-
2,04-07-2026 15:42:11,SURIN-BFW_XTRON_1,125,AKASH PATEL,1001162990,JLG 450 CHASSIS BEARING,-,-,-,272,00:19:31,00:05:00,00:00:00,00:00:00,NEW,N10,40,-,-,0,Skipped,-,-
3,04-07-2026 16:06:41,SURIN-BFW_XTRON_1,125,AKASH PATEL,1001162990,JLG 450 CHASSIS BEARING,-,-,-,273,00:01:30,00:11:00,00:00:00,00:00:00,NEW,N10,40,-,-,0,Skipped,-,-
4,04-07-2026 16:19:11,SURIN-BFW_XTRON_1,125,AKASH PATEL,1001162990,JLG 450 CHASSIS BEARING,-,-,-,274,00:13:55,00:00:21,00:00:00,00:00:00,NEW,N10,40,-,-,0,Skipped,-,-
5,04-07-2026 16:33:26,SURIN-BFW_XTRON_1,125,AKASH PATEL,1001162990,JLG 450 CHASSIS BEARING,-,-,-,275,00:13:39,00:16:48,00:00:00,00:00:00,NEW,N10,40,-,-,0,Skipped,-,-
6,04-07-2026 17:03:53,SURIN-BFW_XTRON_1,125,AKASH PATEL,1001162990,JLG 450 CHASSIS BEARING,50,-,0,227,01:38:10,26:52:29,04:45:37,07:56:50,NEW,N10,40,-,-,0,Skipped,-,-
7,04-07-2026 18:51:54,SURIN-BFW_XTRON_3,119,SANDEEP,-,No component,-,-,-,547,00:00:00,01:02:35,00:00:00,00:05:31,NEW,,,,,,,,
8,04-07-2026 19:54:55,SURIN-BFW_XTRON_2,125,AKASH PATEL,4801,LIUGONG MOTOR BRACKET,50316207610,-,1,7,04:45:31,01:59:41,00:17:02,00:01:40,NEW,N1,480,-,-,0,Skipped,-,-
,,,,,,,,,,,,,,,,N2,420,-,-,0,Skipped,-,-
,,,,,,,,,,,,,,,,N3,241,-,-,0,Skipped,-,-
,,,,,,,,,,,,,,,,N4,1200,-,-,0,Skipped,-,-
,,,,,,,,,,,,,,,,N101,-,04-07-2026 21:17:14,04-07-2026 21:18:47,90,Incomplete,-,Network Off
,,,,,,,,,,,,,,,,N101,-,04-07-2026 21:18:47,04-07-2026 21:28:08,267,Incomplete,-,Network Off
,,,,,,,,,,,,,,,,N101,-,04-07-2026 21:28:08,04-07-2026 21:43:17,890,Incomplete,-,Network Off
,,,,,,,,,,,,,,,,N101,-,04-07-2026 21:43:17,04-07-2026 22:32:13,2165,Incomplete,-,Network Off
,,,,,,,,,,,,,,,,N101,-,04-07-2026 22:32:13,04-07-2026 23:42:56,1361,Incomplete,UNKNOWN,Network Off
,,,,,,,,,,,,,,,,N101,-,04-07-2026 23:42:56,05-07-2026 00:04:53,1111,Incomplete,UNKNOWN,Network Off
,,,,,,,,,,,,,,,,N101,-,05-07-2026 00:04:53,05-07-2026 01:02:46,2404,Incomplete,UNKNOWN,Network Off
,,,,,,,,,,,,,,,,N101,-,05-07-2026 01:02:46,05-07-2026 01:04:19,0,Incomplete,-,Network Off
,,,,,,,,,,,,,,,,N101,-,05-07-2026 01:04:19,05-07-2026 01:21:51,0,Incomplete,-,Network Off
,,,,,,,,,,,,,,,,N101,-,05-07-2026 01:21:51,05-07-2026 01:25:51,0,Incomplete,-,Network Off
,,,,,,,,,,,,,,,,N101,-,05-07-2026 01:25:51,05-07-2026 01:28:36,0,Incomplete,-,Network Off
,,,,,,,,,,,,,,,,N101,-,05-07-2026 01:28:36,05-07-2026 01:43:27,549,Incomplete,-,Network Off
,,,,,,,,,,,,,,,,N101,-,05-07-2026 01:43:27,05-07-2026 01:45:25,107,Incomplete,-,Network Off
,,,,,,,,,,,,,,,,N101,-,05-07-2026 01:45:25,05-07-2026 01:48:03,155,Incomplete,-,Network Off
,,,,,,,,,,,,,,,,N101,-,05-07-2026 01:48:03,05-07-2026 01:50:07,119,Incomplete,-,Network Off
,,,,,,,,,,,,,,,,N101,-,05-07-2026 01:50:07,05-07-2026 01:53:20,154,Incomplete,-,Network Off
,,,,,,,,,,,,,,,,N101,-,05-07-2026 01:53:20,05-07-2026 01:59:52,365,Incomplete,-,Network Off
,,,,,,,,,,,,,,,,N101,-,05-07-2026 01:59:52,05-07-2026 02:10:05,611,Incomplete,-,Network Off
,,,,,,,,,,,,,,,,N101,-,05-07-2026 02:10:05,05-07-2026 02:11:44,84,Incomplete,-,Network Off
,,,,,,,,,,,,,,,,N101,-,05-07-2026 02:11:44,05-07-2026 02:21:29,453,Incomplete,-,Network Off
,,,,,,,,,,,,,,,,N101,-,05-07-2026 02:21:29,05-07-2026 02:38:08,996,Incomplete,-,Network Off
,,,,,,,,,,,,,,,,N101,-,05-07-2026 02:38:08,05-07-2026 02:58:49,1242,Unknown,-,-
9,04-07-2026 20:00:00,SURIN-BFW_XTRON_3,119,SANDEEP,-,No component,302890001,-,1,517,00:17:21,01:40:10,00:00:31,00:00:00,NEW,,,,,,,,
10,04-07-2026 21:58:00,SURIN-BFW_XTRON_3,119,SANDEEP,-,No component,-,-,-,548,00:02:43,00:01:50,00:00:00,00:00:00,NEW,,,,,,,,
11,04-07-2026 22:02:33,SURIN-BFW_XTRON_3,119,SANDEEP,-,No component,302890001,-,1,549,02:02:44,00:55:44,00:21:59,00:03:54,NEW,,,,,,,,
12,05-07-2026 01:26:53,SURIN-BFW_XTRON_3,119,SANDEEP,5101,JCB PIVOT OUTER,302890001||9,-,1,550,00:16:41,00:56:37,00:05:07,00:00:00,NEW,N1,180,05-07-2026 01:45:23,05-07-2026 01:45:44,21,Completed,-,-
,,,,,,,,,,,,,,,,N2,240,-,-,0,Skipped,-,-
,,,,,,,,,,,,,,,,N4,-,05-07-2026 01:45:44,05-07-2026 01:47:04,80,Unknown,-,-
,,,,,,,,,,,,,,,,N5,-,05-07-2026 01:47:04,05-07-2026 01:51:14,149,Incomplete,-,Network Off
,,,,,,,,,,,,,,,,N5,-,05-07-2026 01:51:14,05-07-2026 01:54:25,0,Incomplete,-,Network Off
,,,,,,,,,,,,,,,,N5,-,05-07-2026 01:54:25,05-07-2026 02:00:57,4,Unknown,-,-
,,,,,,,,,,,,,,,,N1,180,05-07-2026 02:00:57,05-07-2026 02:10:46,247,Incomplete,-,Network Off
,,,,,,,,,,,,,,,,N1,180,05-07-2026 02:10:46,05-07-2026 02:11:51,0,Incomplete,-,Network Off
,,,,,,,,,,,,,,,,N1,180,05-07-2026 02:11:51,05-07-2026 02:15:36,0,Rework-3,-,-
,,,,,,,,,,,,,,,,N4,-,05-07-2026 02:15:36,05-07-2026 02:16:25,49,Unknown,-,-
,,,,,,,,,,,,,,,,N5,-,05-07-2026 02:16:25,05-07-2026 02:24:55,52,Incomplete,-,Network Off
,,,,,,,,,,,,,,,,N5,-,05-07-2026 02:24:55,05-07-2026 02:26:13,0,Unknown,-,-
,,,,,,,,,,,,,,,,N1,180,05-07-2026 02:26:13,05-07-2026 02:28:07,63,Incomplete,-,Network Off
,,,,,,,,,,,,,,,,N1,180,05-07-2026 02:28:07,05-07-2026 02:30:41,0,Incomplete,-,Network Off
,,,,,,,,,,,,,,,,N1,180,05-07-2026 02:30:41,05-07-2026 02:39:51,235,Incomplete,-,Network Off
,,,,,,,,,,,,,,,,N1,180,05-07-2026 02:39:51,05-07-2026 02:43:38,0,Rework-7,-,-
,,,,,,,,,,,,,,,,N4,-,05-07-2026 02:43:38,05-07-2026 02:44:27,49,Unknown,-,-
,,,,,,,,,,,,,,,,N5,-,05-07-2026 02:44:27,05-07-2026 02:45:17,50,Unknown,-,-
13,05-07-2026 02:45:17,SURIN-BFW_XTRON_3,119,SANDEEP,5101,JCB PIVOT OUTER,-,-,-,553,00:05:12,01:06:35,00:00:00,00:00:08,NEW,N1,180,05-07-2026 03:51:40,05-07-2026 03:55:29,204,Completed,-,-
,,,,,,,,,,,,,,,,N2,240,-,-,0,Skipped,-,-
,,,,,,,,,,,,,,,,N4,-,05-07-2026 03:55:29,05-07-2026 03:56:19,50,Unknown,-,-
,,,,,,,,,,,,,,,,N5,-,05-07-2026 03:56:19,05-07-2026 03:57:10,52,Unknown,-,-
14,05-07-2026 02:58:49,SURIN-BFW_XTRON_2,125,AKASH PATEL,4801,LIUGONG MOTOR BRACKET,50316207610,-,1,8,02:22:14,02:10:42,00:28:05,00:00:10,duplicate,N1,480,-,-,0,Skipped,-,-
,,,,,,,,,,,,,,,,N2,420,-,-,0,Skipped,-,-
,,,,,,,,,,,,,,,,N3,241,-,-,0,Skipped,-,-
,,,,,,,,,,,,,,,,N4,1200,-,-,0,Skipped,-,-
,,,,,,,,,,,,,,,,N101,-,05-07-2026 04:17:47,05-07-2026 04:20:23,153,Incomplete,-,Network Off
,,,,,,,,,,,,,,,,N101,-,05-07-2026 04:20:23,05-07-2026 04:24:32,235,Incomplete,-,Network Off
,,,,,,,,,,,,,,,,N101,-,05-07-2026 04:24:32,05-07-2026 04:32:27,459,Incomplete,-,Network Off
,,,,,,,,,,,,,,,,N101,-,05-07-2026 04:32:27,05-07-2026 04:35:28,120,Incomplete,-,Network Off
,,,,,,,,,,,,,,,,N101,-,05-07-2026 04:35:28,05-07-2026 04:37:44,92,Incomplete,-,Network Off
,,,,,,,,,,,,,,,,N101,-,05-07-2026 04:37:44,05-07-2026 04:42:02,249,Incomplete,-,Network Off
,,,,,,,,,,,,,,,,N101,-,05-07-2026 04:42:02,05-07-2026 04:44:09,122,Incomplete,-,Network Off
,,,,,,,,,,,,,,,,N101,-,05-07-2026 04:44:09,05-07-2026 04:54:44,404,Incomplete,-,Network Off
,,,,,,,,,,,,,,,,N101,-,05-07-2026 04:54:44,05-07-2026 04:55:49,59,Incomplete,-,Network Off
,,,,,,,,,,,,,,,,N101,-,05-07-2026 04:55:49,05-07-2026 05:00:12,210,Incomplete,-,Network Off
,,,,,,,,,,,,,,,,N101,-,05-07-2026 05:00:12,05-07-2026 05:06:16,362,Incomplete,-,Network Off
,,,,,,,,,,,,,,,,N101,-,05-07-2026 05:06:16,05-07-2026 05:08:53,138,Incomplete,-,Network Off
,,,,,,,,,,,,,,,,N101,-,05-07-2026 05:08:53,05-07-2026 05:16:28,339,Incomplete,-,Network Off
,,,,,,,,,,,,,,,,N101,-,05-07-2026 05:16:28,05-07-2026 05:23:23,93,Incomplete,-,Network Off
,,,,,,,,,,,,,,,,N101,-,05-07-2026 05:23:23,05-07-2026 05:28:57,0,Incomplete,-,Network Off
,,,,,,,,,,,,,,,,N101,-,05-07-2026 05:28:57,05-07-2026 05:33:20,0,Incomplete,-,Network Off
,,,,,,,,,,,,,,,,N101,-,05-07-2026 05:33:20,05-07-2026 05:35:35,0,Incomplete,-,Network Off
,,,,,,,,,,,,,,,,N101,-,05-07-2026 05:35:35,05-07-2026 05:37:08,0,Incomplete,-,Network Off
,,,,,,,,,,,,,,,,N101,-,05-07-2026 05:37:08,05-07-2026 05:39:45,0,Incomplete,-,Network Off
,,,,,,,,,,,,,,,,N101,-,05-07-2026 05:39:45,05-07-2026 05:41:12,0,Incomplete,-,Network Off
,,,,,,,,,,,,,,,,N101,-,05-07-2026 05:41:12,05-07-2026 05:43:50,0,Incomplete,-,Network Off
,,,,,,,,,,,,,,,,N101,-,05-07-2026 05:43:50,05-07-2026 05:44:52,0,Incomplete,-,Network Off
,,,,,,,,,,,,,,,,N101,-,05-07-2026 05:44:52,05-07-2026 05:52:24,0,Incomplete,-,Network Off
,,,,,,,,,,,,,,,,N101,-,05-07-2026 05:52:24,05-07-2026 05:54:13,0,Incomplete,-,Network Off
,,,,,,,,,,,,,,,,N101,-,05-07-2026 05:54:13,05-07-2026 05:56:28,0,Incomplete,-,Network Off
,,,,,,,,,,,,,,,,N101,-,05-07-2026 05:56:28,05-07-2026 06:02:35,0,Incomplete,-,Network Off
,,,,,,,,,,,,,,,,N101,-,05-07-2026 06:02:35,05-07-2026 07:54:23,3801,Incomplete,UNKNOWN,Network Off
,,,,,,,,,,,,,,,,N101,-,05-07-2026 07:54:23,05-07-2026 07:56:48,142,Incomplete,-,Network Off
,,,,,,,,,,,,,,,,N101,-,05-07-2026 07:56:48,05-07-2026 08:00:00,165,Incomplete,UNKNOWN,Network Off
15,05-07-2026 03:57:10,SURIN-BFW_XTRON_3,119,SANDEEP,5101,JCB PIVOT OUTER,9||1,-,1,554,00:08:38,00:35:36,00:03:34,00:00:00,NEW,N1,180,-,-,0,Skipped,-,-
,,,,,,,,,,,,,,,,N2,240,-,-,0,Skipped,-,-
,,,,,,,,,,,,,,,,N5,-,05-07-2026 04:16:34,05-07-2026 04:18:46,0,Incomplete,-,Network Off
,,,,,,,,,,,,,,,,N5,-,05-07-2026 04:18:46,05-07-2026 04:20:37,0,Incomplete,-,Network Off
16,05-07-2026 04:44:58,SURIN-BFW_XTRON_3,119,SANDEEP,-,No component,1,-,1,555,00:06:30,00:06:20,00:03:01,00:00:00,NEW,,,,,,,,
17,05-07-2026 05:00:48,SURIN-BFW_XTRON_3,119,SANDEEP,-,No component,1,-,1,556,00:06:23,00:07:54,00:13:52,00:00:00,NEW,,,,,,,,
18,05-07-2026 05:28:56,SURIN-BFW_XTRON_3,119,SANDEEP,-,No component,1,-,1,557,00:02:27,02:10:22,00:18:15,00:00:00,NEW,,,,,,,,
19,05-07-2026 08:00:00,SURIN-BFW_XTRON_2,125,AKASH PATEL,4801,LIUGONG MOTOR BRACKET,50316207610,-,1,7,00:11:51,00:00:00,00:00:00,00:00:00,duplicate,N1,480,-,-,0,Skipped,-,-
,,,,,,,,,,,,,,,,N2,420,-,-,0,Skipped,-,-
,,,,,,,,,,,,,,,,N3,241,-,-,0,Skipped,-,-
,,,,,,,,,,,,,,,,N4,1200,-,-,0,Skipped,-,-
,,,,,,,,,,,,,,,,N101,-,05-07-2026 08:00:29,05-07-2026 08:11:50,681,Unknown,-,-
20,05-07-2026 08:00:00,SURIN-BFW_XTRON_3,119,SANDEEP,-,No component,1,-,1,517,00:01:46,00:00:16,00:00:17,00:00:00,NEW,,,,,,,,
21,05-07-2026 08:02:18,SURIN-BFW_XTRON_3,119,SANDEEP,-,No component,-,-,-,558,00:08:41,00:16:09,00:00:00,00:00:00,NEW,,,,,,,,
22,05-07-2026 08:11:50,SURIN-BFW_XTRON_2,125,AKASH PATEL,4801,LIUGONG MOTOR BRACKET,50316207610,-,1,8,02:17:12,05:52:51,03:37:31,00:00:36,duplicate,N1,480,-,-,0,Skipped,-,-
,,,,,,,,,,,,,,,,N2,420,-,-,0,Skipped,-,-
,,,,,,,,,,,,,,,,N3,241,-,-,0,Skipped,-,-
,,,,,,,,,,,,,,,,N4,1200,-,-,0,Skipped,-,-
,,,,,,,,,,,,,,,,N101,-,05-07-2026 08:28:57,05-07-2026 09:11:28,0,Incomplete,-,Network Off
,,,,,,,,,,,,,,,,N101,-,05-07-2026 09:11:28,05-07-2026 09:35:03,0,Incomplete,-,Network Off
,,,,,,,,,,,,,,,,N101,-,05-07-2026 09:35:03,05-07-2026 09:38:39,0,Incomplete,-,Network Off
,,,,,,,,,,,,,,,,N101,-,05-07-2026 09:38:39,05-07-2026 09:39:45,0,Incomplete,-,Network Off
,,,,,,,,,,,,,,,,N101,-,05-07-2026 09:39:45,05-07-2026 09:41:20,0,Incomplete,-,Network Off
,,,,,,,,,,,,,,,,N101,-,05-07-2026 09:41:20,05-07-2026 09:42:48,0,Incomplete,-,Network Off
,,,,,,,,,,,,,,,,N101,-,05-07-2026 09:42:48,05-07-2026 09:45:30,0,Incomplete,-,Network Off
,,,,,,,,,,,,,,,,N101,-,05-07-2026 09:45:30,05-07-2026 09:50:29,0,Incomplete,-,Network Off
,,,,,,,,,,,,,,,,N101,-,05-07-2026 09:50:29,05-07-2026 10:07:29,0,Incomplete,-,Network Off
,,,,,,,,,,,,,,,,N101,-,05-07-2026 10:07:29,05-07-2026 10:15:43,0,Incomplete,-,Network Off
,,,,,,,,,,,,,,,,N101,-,05-07-2026 10:15:43,05-07-2026 11:27:07,2000,Incomplete,UNKNOWN,Network Off
,,,,,,,,,,,,,,,,N101,-,05-07-2026 11:27:07,05-07-2026 12:13:04,1780,Incomplete,-,Network Off
,,,,,,,,,,,,,,,,N101,-,05-07-2026 12:13:04,05-07-2026 12:15:01,114,Incomplete,-,Network Off
,,,,,,,,,,,,,,,,N101,-,05-07-2026 12:15:01,05-07-2026 12:37:31,458,Incomplete,-,Network Off
,,,,,,,,,,,,,,,,N101,-,05-07-2026 12:37:31,05-07-2026 12:39:26,0,Incomplete,-,Network Off
,,,,,,,,,,,,,,,,N101,-,05-07-2026 12:39:26,05-07-2026 13:09:26,0,Incomplete,-,Network Off
,,,,,,,,,,,,,,,,N101,-,05-07-2026 13:09:26,05-07-2026 13:11:09,0,Incomplete,-,Network Off
,,,,,,,,,,,,,,,,N101,-,05-07-2026 13:11:09,05-07-2026 13:14:05,0,Incomplete,-,Network Off
,,,,,,,,,,,,,,,,N101,-,05-07-2026 13:14:05,05-07-2026 14:16:18,10,Incomplete,-,Network Off
,,,,,,,,,,,,,,,,N101,-,05-07-2026 14:16:18,05-07-2026 15:40:42,2885,Incomplete,-,Network Off
,,,,,,,,,,,,,,,,N101,-,05-07-2026 15:40:42,05-07-2026 15:44:28,223,Incomplete,-,Network Off
,,,,,,,,,,,,,,,,N101,-,05-07-2026 15:44:28,05-07-2026 15:45:14,42,Incomplete,-,Network Off
,,,,,,,,,,,,,,,,N101,-,05-07-2026 15:45:14,05-07-2026 15:50:46,318,Incomplete,-,Network Off
,,,,,,,,,,,,,,,,N101,-,05-07-2026 15:50:46,05-07-2026 16:00:42,382,Incomplete,-,Network Off
,,,,,,,,,,,,,,,,N101,-,05-07-2026 16:00:42,05-07-2026 16:02:40,0,Incomplete,-,Network Off
,,,,,,,,,,,,,,,,N101,-,05-07-2026 16:02:40,05-07-2026 16:08:39,0,Incomplete,-,Network Off
,,,,,,,,,,,,,,,,N101,-,05-07-2026 16:08:39,05-07-2026 16:12:20,0,Incomplete,-,Network Off
,,,,,,,,,,,,,,,,N101,-,05-07-2026 16:12:20,05-07-2026 16:22:51,0,Incomplete,-,Network Off
,,,,,,,,,,,,,,,,N101,-,05-07-2026 16:22:51,05-07-2026 16:24:01,0,Incomplete,-,Network Off
,,,,,,,,,,,,,,,,N101,-,05-07-2026 16:24:01,05-07-2026 16:27:01,0,Incomplete,-,Network Off
,,,,,,,,,,,,,,,,N101,-,05-07-2026 16:27:01,05-07-2026 16:29:38,0,Incomplete,-,Network Off
,,,,,,,,,,,,,,,,N101,-,05-07-2026 16:29:38,05-07-2026 16:50:13,21,Incomplete,-,Network Off
,,,,,,,,,,,,,,,,N101,-,05-07-2026 16:50:13,05-07-2026 20:00:00,0,Incomplete,UNKNOWN,Network Off
23,05-07-2026 08:27:08,SURIN-BFW_XTRON_3,119,SANDEEP,-,No component,1,-,1,559,00:00:10,01:36:23,00:14:17,00:00:00,NEW,,,,,,,,
24,05-07-2026 10:17:56,SURIN-BFW_XTRON_3,119,SANDEEP,-,No component,-,-,-,560,00:10:29,00:10:56,00:00:00,00:00:00,NEW,,,,,,,,
25,05-07-2026 10:39:21,SURIN-BFW_XTRON_3,119,SANDEEP,-,No component,-,-,-,561,00:00:07,00:00:59,00:00:00,00:00:00,NEW,,,,,,,,
26,05-07-2026 10:40:26,SURIN-BFW_XTRON_3,119,SANDEEP,-,No component,-,-,-,562,00:00:04,00:04:48,00:00:00,00:00:00,NEW,,,,,,,,
27,05-07-2026 10:45:18,SURIN-BFW_XTRON_3,119,SANDEEP,5101,JCB PIVOT OUTER,9,-,-,563,00:12:48,00:11:47,00:00:00,00:00:00,NEW,N1,180,-,-,0,Skipped,-,-
,,,,,,,,,,,,,,,,N2,240,-,-,0,Skipped,-,-
,,,,,,,,,,,,,,,,N4,-,05-07-2026 11:08:03,05-07-2026 11:08:59,57,Unknown,-,-
,,,,,,,,,,,,,,,,N5,-,05-07-2026 11:08:59,05-07-2026 11:09:52,53,Unknown,-,-
28,05-07-2026 11:09:52,SURIN-BFW_XTRON_3,119,SANDEEP,5101,JCB PIVOT OUTER,9,-,1,564,00:03:20,00:17:29,00:00:08,00:00:00,NEW,N1,180,05-07-2026 11:21:41,05-07-2026 11:27:37,8,Incomplete,-,Network Off
,,,,,,,,,,,,,,,,N2,240,-,-,0,Skipped,-,-
,,,,,,,,,,,,,,,,N1,180,05-07-2026 11:27:37,05-07-2026 11:28:58,82,Rework-1,-,-
,,,,,,,,,,,,,,,,N4,-,05-07-2026 11:28:58,05-07-2026 11:30:22,84,Unknown,-,-
,,,,,,,,,,,,,,,,N5,-,05-07-2026 11:30:22,05-07-2026 11:30:49,27,Unknown,-,-
29,05-07-2026 11:30:49,SURIN-BFW_XTRON_3,119,SANDEEP,5101,JCB PIVOT OUTER,9,-,1,565,00:23:33,02:32:58,00:11:09,00:00:00,duplicate,N1,180,-,-,0,Skipped,-,-
,,,,,,,,,,,,,,,,N2,240,-,-,0,Skipped,-,-
,,,,,,,,,,,,,,,,N5,-,05-07-2026 11:56:15,05-07-2026 12:13:54,0,Incomplete,-,Network Off
,,,,,,,,,,,,,,,,N5,-,05-07-2026 12:13:54,05-07-2026 12:37:19,0,Incomplete,-,Network Off
,,,,,,,,,,,,,,,,N5,-,05-07-2026 12:37:19,05-07-2026 12:41:03,0,Incomplete,-,Network Off
,,,,,,,,,,,,,,,,N5,-,05-07-2026 12:41:03,05-07-2026 12:42:42,0,Incomplete,-,Network Off
,,,,,,,,,,,,,,,,N5,-,05-07-2026 12:42:42,05-07-2026 12:46:15,0,Incomplete,-,Network Off
,,,,,,,,,,,,,,,,N5,-,05-07-2026 12:46:15,05-07-2026 13:13:31,0,Incomplete,-,Network Off
,,,,,,,,,,,,,,,,N5,-,05-07-2026 13:13:31,05-07-2026 13:19:46,0,Unknown,-,-
,,,,,,,,,,,,,,,,N1,180,05-07-2026 13:19:46,05-07-2026 13:24:01,5,Incomplete,-,Network Off
,,,,,,,,,,,,,,,,N1,180,05-07-2026 13:24:01,05-07-2026 13:28:57,88,Rework-1,-,-
,,,,,,,,,,,,,,,,N4,-,05-07-2026 13:28:57,05-07-2026 13:29:53,57,Unknown,-,-
,,,,,,,,,,,,,,,,N5,-,05-07-2026 13:29:53,05-07-2026 13:38:29,53,Unknown,-,-
,,,,,,,,,,,,,,,,N1,180,05-07-2026 13:38:29,05-07-2026 13:41:34,107,Rework-2,-,-
,,,,,,,,,,,,,,,,N4,-,05-07-2026 13:41:34,05-07-2026 13:42:20,46,Unknown,-,-
,,,,,,,,,,,,,,,,N5,-,05-07-2026 13:42:20,05-07-2026 13:47:48,57,Unknown,-,-
,,,,,,,,,,,,,,,,N1,180,05-07-2026 13:47:48,05-07-2026 13:52:34,100,Rework-3,-,-
,,,,,,,,,,,,,,,,N4,-,05-07-2026 13:52:34,05-07-2026 13:53:32,58,Unknown,-,-
,,,,,,,,,,,,,,,,N5,-,05-07-2026 13:53:32,05-07-2026 14:00:02,53,Unknown,-,-
,,,,,,,,,,,,,,,,N1,180,05-07-2026 14:00:02,05-07-2026 14:02:22,93,Rework-4,-,-
,,,,,,,,,,,,,,,,N4,-,05-07-2026 14:02:22,05-07-2026 14:03:18,57,Unknown,-,-
,,,,,,,,,,,,,,,,N5,-,05-07-2026 14:03:18,05-07-2026 14:09:11,49,Unknown,-,-
,,,,,,,,,,,,,,,,N1,180,05-07-2026 14:09:11,05-07-2026 14:16:17,109,Rework-5,-,-
,,,,,,,,,,,,,,,,N4,-,05-07-2026 14:16:17,05-07-2026 14:16:53,36,Unknown,-,-
,,,,,,,,,,,,,,,,N5,-,05-07-2026 14:16:53,05-07-2026 14:22:58,53,Unknown,-,-
,,,,,,,,,,,,,,,,N1,180,05-07-2026 14:22:58,05-07-2026 14:23:56,0,Incomplete,-,Network Off
,,,,,,,,,,,,,,,,N1,180,05-07-2026 14:23:56,05-07-2026 14:26:04,73,Rework-7,-,-
,,,,,,,,,,,,,,,,N4,-,05-07-2026 14:26:04,05-07-2026 14:27:00,56,Unknown,-,-
,,,,,,,,,,,,,,,,N5,-,05-07-2026 14:27:00,05-07-2026 14:32:53,54,Unknown,-,-
,,,,,,,,,,,,,,,,N1,180,05-07-2026 14:32:53,05-07-2026 14:36:39,105,Rework-8,-,-
,,,,,,,,,,,,,,,,N4,-,05-07-2026 14:36:39,05-07-2026 14:37:38,60,Unknown,-,-
,,,,,,,,,,,,,,,,N5,-,05-07-2026 14:37:38,05-07-2026 14:38:28,50,Unknown,-,-
30,05-07-2026 14:38:28,SURIN-BFW_XTRON_3,119,SANDEEP,5101,JCB PIVOT OUTER,9,-,1,572,00:03:26,00:10:51,00:00:20,00:00:00,duplicate,N1,180,-,-,0,Skipped,-,-
,,,,,,,,,,,,,,,,N2,240,-,-,0,Skipped,-,-
,,,,,,,,,,,,,,,,N5,-,05-07-2026 14:41:01,05-07-2026 14:48:25,0,Unknown,-,-
,,,,,,,,,,,,,,,,N1,180,05-07-2026 14:48:25,05-07-2026 14:51:19,100,Completed,-,-
,,,,,,,,,,,,,,,,N4,-,05-07-2026 14:51:19,05-07-2026 14:52:10,51,Unknown,-,-
,,,,,,,,,,,,,,,,N5,-,05-07-2026 14:52:10,05-07-2026 14:53:05,55,Unknown,-,-
31,05-07-2026 14:53:05,SURIN-BFW_XTRON_3,119,SANDEEP,5101,JCB PIVOT OUTER,-,-,-,573,00:03:36,00:51:32,00:00:00,00:00:00,NEW,N1,180,05-07-2026 15:42:44,05-07-2026 15:46:05,89,Completed,-,-
,,,,,,,,,,,,,,,,N2,240,-,-,0,Skipped,-,-
,,,,,,,,,,,,,,,,N4,-,05-07-2026 15:46:05,05-07-2026 15:47:02,57,Unknown,-,-
,,,,,,,,,,,,,,,,N5,-,05-07-2026 15:47:02,05-07-2026 15:48:12,70,Unknown,-,-
32,05-07-2026 15:48:12,SURIN-BFW_XTRON_3,119,SANDEEP,5101,JCB PIVOT OUTER,9,-,1,574,00:03:44,00:15:05,03:30:03,00:22:57,duplicate,N1,180,-,-,0,Skipped,-,-
,,,,,,,,,,,,,,,,N2,240,-,-,0,Skipped,-,-
,,,,,,,,,,,,,,,,N5,-,05-07-2026 15:51:25,05-07-2026 15:53:49,0,Unknown,-,-
,,,,,,,,,,,,,,,,N1,180,05-07-2026 15:53:49,05-07-2026 15:55:04,17,Incomplete,-,Network Off
,,,,,,,,,,,,,,,,N1,180,05-07-2026 15:55:04,05-07-2026 15:56:54,87,Rework-1,-,-
,,,,,,,,,,,,,,,,N4,-,05-07-2026 15:56:54,05-07-2026 15:57:50,56,Unknown,-,-
,,,,,,,,,,,,,,,,N5,-,05-07-2026 15:57:50,05-07-2026 15:59:07,64,Incomplete,-,Network Off
,,,,,,,,,,,,,,,,N5,-,05-07-2026 15:59:07,05-07-2026 16:03:28,0,Incomplete,-,Network Off
,,,,,,,,,,,,,,,,N5,-,05-07-2026 16:03:28,05-07-2026 16:05:43,0,Incomplete,-,Network Off
,,,,,,,,,,,,,,,,N5,-,05-07-2026 16:05:43,05-07-2026 16:07:54,0,Incomplete,UNKNOWN,Network Off
,,,,,,,,,,,,,,,,N5,-,05-07-2026 16:07:54,05-07-2026 16:11:15,0,Incomplete,UNKNOWN,Network Off
,,,,,,,,,,,,,,,,N5,-,05-07-2026 16:11:15,05-07-2026 16:30:31,0,Incomplete,UNKNOWN,Network Off
,,,,,,,,,,,,,,,,N5,-,05-07-2026 16:30:31,05-07-2026 16:31:20,0,Incomplete,UNKNOWN,Network Off
,,,,,,,,,,,,,,,,N5,-,05-07-2026 16:31:20,05-07-2026 20:00:00,0,Incomplete,UNKNOWN,Network Off
33,05-07-2026 20:00:00,SURIN-BFW_XTRON_2,125,AKASH PATEL,4801,LIUGONG MOTOR BRACKET,50316207610,-,1,7,16:40:48,03:08:20,00:24:00,00:49:13,duplicate,N1,480,-,-,0,Skipped,-,-
,,,,,,,,,,,,,,,,N2,420,-,-,0,Skipped,-,-
,,,,,,,,,,,,,,,,N3,241,-,-,0,Skipped,-,-
,,,,,,,,,,,,,,,,N4,1200,-,-,0,Skipped,-,-
,,,,,,,,,,,,,,,,N101,-,06-07-2026 09:34:52,06-07-2026 12:09:50,4762,Incomplete,UNKNOWN,Network Off
,,,,,,,,,,,,,,,,N101,-,06-07-2026 12:09:50,06-07-2026 12:47:25,0,Incomplete,UNKNOWN,Network Off
,,,,,,,,,,,,,,,,N101,-,06-07-2026 12:47:25,06-07-2026 14:41:43,1469,Incomplete,UNKNOWN,Network Off
,,,,,,,,,,,,,,,,N101,-,06-07-2026 14:41:43,06-07-2026 14:57:32,0,Incomplete,UNKNOWN,Network Off
,,,,,,,,,,,,,,,,N101,-,06-07-2026 14:57:32,06-07-2026 17:02:20,4925,Unknown,UNKNOWN,-
34,05-07-2026 20:00:00,SURIN-BFW_XTRON_3,119,SANDEEP,5101,JCB PIVOT OUTER,9,-,1,517,00:03:50,13:24:31,02:08:16,00:10:17,duplicate,N1,180,-,-,0,Skipped,-,-
,,,,,,,,,,,,,,,,N2,240,-,-,0,Skipped,-,-
,,,,,,,,,,,,,,,,N5,-,06-07-2026 09:09:31,06-07-2026 11:27:27,0,Incomplete,UNKNOWN,Network Off
,,,,,,,,,,,,,,,,N5,-,06-07-2026 11:27:27,06-07-2026 11:39:19,0,Unknown,UNKNOWN,-
,,,,,,,,,,,,,,,,N2,240,06-07-2026 11:39:19,06-07-2026 11:46:53,230,Completed,-,-
35,06-07-2026 10:16:58,SURIN-BFW_XTRON_1,125,AKASH PATEL,1001162990,JLG 450 CHASSIS BEARING,50,-,0,1,00:56:14,01:47:17,00:05:20,00:09:57,duplicate,N10,40,-,-,0,Skipped,-,-
36,06-07-2026 11:46:53,SURIN-BFW_XTRON_3,119,SANDEEP,5101,JCB PIVOT OUTER,9,-,1,575,00:33:12,00:04:30,00:12:36,00:04:38,duplicate,N1,180,-,-,0,Skipped,-,-
,,,,,,,,,,,,,,,,N2,240,06-07-2026 12:17:14,06-07-2026 12:20:02,0,Incomplete,UNKNOWN,Network Off
,,,,,,,,,,,,,,,,N2,240,06-07-2026 12:20:02,06-07-2026 12:30:24,462,Incomplete,UNKNOWN,Network Off
,,,,,,,,,,,,,,,,N2,240,06-07-2026 12:30:24,06-07-2026 12:41:47,684,Rework-2,-,-
37,06-07-2026 12:41:47,SURIN-BFW_XTRON_3,119,SANDEEP,5101,JCB PIVOT OUTER,9||302890001,-,1,576,00:58:00,01:14:53,00:34:24,00:01:43,duplicate,N1,180,-,-,0,Skipped,-,-
,,,,,,,,,,,,,,,,N2,240,06-07-2026 12:49:10,06-07-2026 14:00:44,331,Completed,-,-
,,,,,,,,,,,,,,,,N1,180,06-07-2026 14:00:44,06-07-2026 14:00:53,6,Completed,-,-
38,06-07-2026 13:15:45,SURIN-BFW_XTRON_1,125,AKASH PATEL,1001162990,JLG 450 CHASSIS BEARING,50,-,0,2,01:27:21,01:27:33,00:19:29,00:03:07,duplicate,N10,40,-,-,0,Skipped,-,-
39,06-07-2026 15:30:47,SURIN-BFW_XTRON_3,119,SANDEEP,-,No component,-,-,-,577,00:18:04,00:19:33,00:00:00,00:00:09,NEW,,,,,,,,
40,06-07-2026 16:08:31,SURIN-BFW_XTRON_3,119,SANDEEP,-,No component,-,-,-,578,00:03:28,00:01:19,00:00:00,00:00:00,NEW,,,,,,,,
41,06-07-2026 16:13:18,SURIN-BFW_XTRON_3,119,SANDEEP,-,No component,-,-,-,579,00:04:48,00:50:43,00:00:00,00:00:00,NEW,,,,,,,,
42,06-07-2026 16:33:15,SURIN-BFW_XTRON_1,125,AKASH PATEL,1001162990,JLG 450 CHASSIS BEARING,-,-,-,3,00:10:08,00:40:25,00:00:00,00:00:00,NEW,N10,40,-,-,0,Skipped,-,-
43,06-07-2026 17:02:20,SURIN-BFW_XTRON_2,125,AKASH PATEL,4801,LIUGONG MOTOR BRACKET,50316207610,-,1,10,06:06:20,03:56:10,00:18:08,00:23:55,duplicate,N1,480,-,-,0,Skipped,-,-
,,,,,,,,,,,,,,,,N2,420,-,-,0,Skipped,-,-
,,,,,,,,,,,,,,,,N3,241,-,-,0,Skipped,-,-
,,,,,,,,,,,,,,,,N4,1200,-,-,0,Skipped,-,-
,,,,,,,,,,,,,,,,N101,-,06-07-2026 19:11:28,06-07-2026 20:07:10,2356,Incomplete,-,Network Off
,,,,,,,,,,,,,,,,N101,-,06-07-2026 20:07:10,06-07-2026 21:24:09,1417,Incomplete,-,Network Off
,,,,,,,,,,,,,,,,N101,-,06-07-2026 21:24:09,06-07-2026 23:54:56,4693,Incomplete,-,Network Off
,,,,,,,,,,,,,,,,N101,-,06-07-2026 23:54:56,07-07-2026 00:10:12,643,Incomplete,-,Network Off
,,,,,,,,,,,,,,,,N101,-,07-07-2026 00:10:12,07-07-2026 00:14:57,195,Incomplete,-,Network Off
,,,,,,,,,,,,,,,,N101,-,07-07-2026 00:14:57,07-07-2026 01:46:33,4733,Incomplete,-,Network Off
,,,,,,,,,,,,,,,,N101,-,07-07-2026 01:46:33,07-07-2026 01:58:31,0,Incomplete,-,Network Off
,,,,,,,,,,,,,,,,N101,-,07-07-2026 01:58:31,07-07-2026 02:02:25,0,Incomplete,-,Network Off
,,,,,,,,,,,,,,,,N101,-,07-07-2026 02:02:25,07-07-2026 02:04:40,0,Incomplete,-,Network Off
,,,,,,,,,,,,,,,,N101,-,07-07-2026 02:04:40,07-07-2026 02:06:46,0,Incomplete,-,Network Off
,,,,,,,,,,,,,,,,N101,-,07-07-2026 02:06:46,07-07-2026 02:16:08,17,Incomplete,-,Network Off
,,,,,,,,,,,,,,,,N101,-,07-07-2026 02:16:08,07-07-2026 02:17:21,69,Incomplete,-,Network Off
,,,,,,,,,,,,,,,,N101,-,07-07-2026 02:17:21,07-07-2026 03:07:31,2887,Incomplete,-,Network Off
,,,,,,,,,,,,,,,,N101,-,07-07-2026 03:07:31,07-07-2026 03:46:52,2361,Unknown,-,-
44,06-07-2026 17:08:49,SURIN-BFW_XTRON_3,119,SANDEEP,-,No component,-,-,-,580,00:48:13,00:05:14,00:00:00,00:00:00,NEW,,,,,,,,
45,06-07-2026 17:23:47,SURIN-BFW_XTRON_1,125,AKASH PATEL,1001162990,JLG 450 CHASSIS BEARING,-,-,-,4,00:11:02,00:14:18,00:00:00,00:08:31,NEW,N10,40,-,-,0,Skipped,-,-
46,06-07-2026 17:57:37,SURIN-BFW_XTRON_1,125,AKASH PATEL,1001162990,JLG 450 CHASSIS BEARING,-,-,-,5,00:16:27,00:31:17,00:00:00,00:00:00,NEW,N10,40,-,-,0,Skipped,-,-
47,06-07-2026 18:02:15,SURIN-BFW_XTRON_3,119,SANDEEP,-,No component,302890001,-,1,581,00:46:13,00:47:39,00:00:46,00:00:00,NEW,,,,,,,,
48,06-07-2026 18:45:21,SURIN-BFW_XTRON_1,125,AKASH PATEL,1001162990,JLG 450 CHASSIS BEARING,50,-,0,7,00:06:31,00:03:12,00:00:03,00:12:46,duplicate,N10,40,-,-,0,Skipped,-,-
49,06-07-2026 19:07:52,SURIN-BFW_XTRON_1,125,AKASH PATEL,1001162990||60497,JLG 450 CHASSIS BEARING||UNIMACTS-S125 - COUNTER WEIGHT SUPPORT,50||40280008003,-,0,8,00:26:24,03:21:41,00:00:20,00:01:54,NEW,N10,40,-,-,0,Skipped,-,-
,,,,,,,,,,,,,,,,N1,-,06-07-2026 22:34:09,06-07-2026 22:34:14,5,Unknown,PRESS FEED ON PB.,-
,,,,,,,,,,,,,,,,N10,40,-,-,0,Skipped,-,-
,,,,,,,,,,,,,,,,N2,-,06-07-2026 22:37:52,06-07-2026 22:38:47,36,Unknown,-,-
,,,,,,,,,,,,,,,,N1,-,06-07-2026 22:38:47,06-07-2026 22:49:08,546,Unknown,AUTO COOLANT NOT ON.                    REMEDY:-ACTUATE THE  COOLANT PUSH BUTTON.,-
,,,,,,,,,,,,,,,,N2,-,06-07-2026 22:49:08,06-07-2026 22:58:10,543,Unknown,-,-
50,06-07-2026 19:36:53,SURIN-BFW_XTRON_3,119,SANDEEP,5101,JCB PIVOT OUTER,302890001||1||9,-,1,583,00:20:05,03:16:21,00:00:27,00:00:00,NEW,N1,180,06-07-2026 23:10:24,06-07-2026 23:11:46,82,Completed,-,-
,,,,,,,,,,,,,,,,N2,240,-,-,0,Skipped,-,-
,,,,,,,,,,,,,,,,N4,-,06-07-2026 23:11:46,06-07-2026 23:13:00,75,Unknown,-,-
,,,,,,,,,,,,,,,,N5,-,06-07-2026 23:13:00,06-07-2026 23:13:44,44,Unknown,-,-
51,06-07-2026 22:58:10,SURIN-BFW_XTRON_1,125,AKASH PATEL,60497,UNIMACTS-S125 - COUNTER WEIGHT SUPPORT,40280008003,-,0,9,00:19:18,00:37:28,00:09:42,00:02:09,NEW,N10,40,-,-,0,Skipped,-,-
,,,,,,,,,,,,,,,,N1,-,06-07-2026 23:32:18,06-07-2026 23:34:45,53,Unknown,-,-
,,,,,,,,,,,,,,,,N2,-,06-07-2026 23:34:45,06-07-2026 23:35:59,47,Unknown,AUTO COOLANT NOT ON.                    REMEDY:-ACTUATE THE  COOLANT PUSH BUTTON.,-
,,,,,,,,,,,,,,,,N1,-,06-07-2026 23:35:59,06-07-2026 23:45:04,545,Unknown,-,-
,,,,,,,,,,,,,,,,N2,-,06-07-2026 23:45:04,06-07-2026 23:55:08,22,Incomplete,EMERGENCY PUSH BUTTON PRESSED,Network Off
,,,,,,,,,,,,,,,,N2,-,06-07-2026 23:55:08,07-07-2026 00:06:46,485,Unknown,EMERGENCY PUSH BUTTON PRESSED||2130 PRODUCTION PART COUNT REACHED.,-
52,06-07-2026 23:13:44,SURIN-BFW_XTRON_3,119,SANDEEP,5101,JCB PIVOT OUTER,-,-,-,584,00:03:35,00:07:10,00:00:00,00:00:00,NEW,N1,180,06-07-2026 23:19:35,06-07-2026 23:22:33,100,Completed,-,-
,,,,,,,,,,,,,,,,N2,240,-,-,0,Skipped,-,-
,,,,,,,,,,,,,,,,N4,-,06-07-2026 23:22:33,06-07-2026 23:23:20,47,Unknown,-,-
,,,,,,,,,,,,,,,,N5,-,06-07-2026 23:23:20,06-07-2026 23:24:29,69,Unknown,-,-
53,06-07-2026 23:24:29,SURIN-BFW_XTRON_3,119,SANDEEP,5101,JCB PIVOT OUTER,-,-,-,585,00:03:10,00:06:53,00:00:00,00:00:00,NEW,N1,180,06-07-2026 23:29:54,06-07-2026 23:33:00,99,Completed,-,-
,,,,,,,,,,,,,,,,N2,240,-,-,0,Skipped,-,-
,,,,,,,,,,,,,,,,N4,-,06-07-2026 23:33:00,06-07-2026 23:33:47,47,Unknown,-,-
,,,,,,,,,,,,,,,,N5,-,06-07-2026 23:33:47,06-07-2026 23:34:31,44,Unknown,-,-
54,06-07-2026 23:34:31,SURIN-BFW_XTRON_3,119,SANDEEP,5101,JCB PIVOT OUTER,-,-,-,586,00:03:16,00:05:33,00:00:00,00:00:00,NEW,N1,180,06-07-2026 23:39:02,06-07-2026 23:41:49,105,Completed,-,-
,,,,,,,,,,,,,,,,N2,240,-,-,0,Skipped,-,-
,,,,,,,,,,,,,,,,N4,-,06-07-2026 23:41:49,06-07-2026 23:42:36,48,Unknown,-,-
,,,,,,,,,,,,,,,,N5,-,06-07-2026 23:42:36,06-07-2026 23:43:20,44,Unknown,-,-
55,06-07-2026 23:43:20,SURIN-BFW_XTRON_3,119,SANDEEP,5101,JCB PIVOT OUTER,9,-,1,587,00:03:11,00:10:59,00:08:44,00:00:42,duplicate,N1,180,-,-,0,Skipped,-,-
,,,,,,,,,,,,,,,,N2,240,-,-,0,Skipped,-,-
,,,,,,,,,,,,,,,,N5,-,06-07-2026 23:54:21,07-07-2026 00:02:16,0,Unknown,-,-
,,,,,,,,,,,,,,,,N1,180,07-07-2026 00:02:16,07-07-2026 00:05:23,100,Completed,-,-
,,,,,,,,,,,,,,,,N4,-,07-07-2026 00:05:23,07-07-2026 00:06:12,49,Unknown,-,-
,,,,,,,,,,,,,,,,N5,-,07-07-2026 00:06:12,07-07-2026 00:06:55,43,Unknown,-,-
56,07-07-2026 00:06:46,SURIN-BFW_XTRON_1,125,AKASH PATEL,60497,UNIMACTS-S125 - COUNTER WEIGHT SUPPORT,40280008003,-,0,10,00:19:19,00:20:58,00:01:34,00:00:35,duplicate,N10,40,-,-,0,Skipped,-,-
,,,,,,,,,,,,,,,,N2,-,07-07-2026 00:15:20,07-07-2026 00:27:56,0,Unknown,EMERGENCY PUSH BUTTON PRESSED||2130 PRODUCTION PART COUNT REACHED.||SP.TOOL#12                     CH.TOOL#0                     CH.POT#0                      B-POSITION#0,-
,,,,,,,,,,,,,,,,N1,-,07-07-2026 00:27:56,07-07-2026 00:29:20,29,Unknown,-,-
,,,,,,,,,,,,,,,,N2,-,07-07-2026 00:29:20,07-07-2026 00:30:57,36,Unknown,AUTO COOLANT NOT ON.                    REMEDY:-ACTUATE THE  COOLANT PUSH BUTTON.,-
,,,,,,,,,,,,,,,,N1,-,07-07-2026 00:30:57,07-07-2026 00:40:01,544,Unknown,AUTO COOLANT NOT ON.                    REMEDY:-ACTUATE THE  COOLANT PUSH BUTTON.,-
,,,,,,,,,,,,,,,,N2,-,07-07-2026 00:40:01,07-07-2026 00:49:11,550,Unknown,-,-
57,07-07-2026 00:06:55,SURIN-BFW_XTRON_3,119,SANDEEP,5101,JCB PIVOT OUTER,9,-,1,588,00:03:12,00:07:56,00:02:45,00:00:48,duplicate,N1,180,07-07-2026 00:11:24,07-07-2026 00:13:01,8,Incomplete,-,Network Off
,,,,,,,,,,,,,,,,N2,240,-,-,0,Skipped,-,-
,,,,,,,,,,,,,,,,N1,180,07-07-2026 00:13:01,07-07-2026 00:15:31,0,Incomplete,-,Network Off
,,,,,,,,,,,,,,,,N1,180,07-07-2026 00:15:31,07-07-2026 00:20:04,93,Rework-2,-,-
,,,,,,,,,,,,,,,,N4,-,07-07-2026 00:20:04,07-07-2026 00:20:52,49,Unknown,-,-
,,,,,,,,,,,,,,,,N5,-,07-07-2026 00:20:52,07-07-2026 00:21:36,44,Unknown,-,-
58,07-07-2026 00:21:36,SURIN-BFW_XTRON_3,119,SANDEEP,5101,JCB PIVOT OUTER,-,-,-,589,00:03:12,00:05:03,00:00:00,00:00:00,NEW,N1,180,07-07-2026 00:24:55,07-07-2026 00:28:19,100,Completed,-,-
,,,,,,,,,,,,,,,,N2,240,-,-,0,Skipped,-,-
,,,,,,,,,,,,,,,,N4,-,07-07-2026 00:28:19,07-07-2026 00:29:06,47,Unknown,-,-
,,,,,,,,,,,,,,,,N5,-,07-07-2026 00:29:06,07-07-2026 00:29:50,45,Unknown,-,-
59,07-07-2026 00:29:50,SURIN-BFW_XTRON_3,119,SANDEEP,5101,JCB PIVOT OUTER,-,-,-,590,00:02:58,00:05:49,00:00:00,00:00:00,NEW,N1,180,07-07-2026 00:33:56,07-07-2026 00:37:06,87,Completed,-,-
,,,,,,,,,,,,,,,,N2,240,-,-,0,Skipped,-,-
,,,,,,,,,,,,,,,,N4,-,07-07-2026 00:37:06,07-07-2026 00:37:54,48,Unknown,-,-
,,,,,,,,,,,,,,,,N5,-,07-07-2026 00:37:54,07-07-2026 00:38:37,43,Unknown,-,-
60,07-07-2026 00:38:37,SURIN-BFW_XTRON_3,119,SANDEEP,5101,JCB PIVOT OUTER,-,-,-,591,00:03:10,00:07:43,00:00:00,00:00:00,NEW,N1,180,07-07-2026 00:44:36,07-07-2026 00:47:58,99,Completed,-,-
,,,,,,,,,,,,,,,,N2,240,-,-,0,Skipped,-,-
,,,,,,,,,,,,,,,,N4,-,07-07-2026 00:47:58,07-07-2026 00:48:45,47,Unknown,-,-
,,,,,,,,,,,,,,,,N5,-,07-07-2026 00:48:45,07-07-2026 00:49:29,44,Unknown,-,-
61,07-07-2026 00:49:11,SURIN-BFW_XTRON_1,125||108,AKASH PATEL||RAJENDRA SANGLE,60497,UNIMACTS-S125 - COUNTER WEIGHT SUPPORT,40280008003,-,0,11,00:53:44,00:56:40,00:07:44,00:23:18,duplicate,N10,40,-,-,0,Skipped,-,-
,,,,,,,,,,,,,,,,N1,-,07-07-2026 01:13:58,07-07-2026 01:14:55,40,Unknown,-,-
,,,,,,,,,,,,,,,,N2,-,07-07-2026 01:14:55,07-07-2026 01:16:44,41,Unknown,AUTO COOLANT NOT ON.                    REMEDY:-ACTUATE THE  COOLANT PUSH BUTTON.,-
,,,,,,,,,,,,,,,,N1,-,07-07-2026 01:16:44,07-07-2026 01:27:24,641,Unknown,-,-
,,,,,,,,,,,,,,,,N2,-,07-07-2026 01:27:24,07-07-2026 01:46:40,641,Incomplete,EMERGENCY PUSH BUTTON PRESSED,Network Off
,,,,,,,,,,,,,,,,N2,-,07-07-2026 01:46:40,07-07-2026 01:55:53,0,Incomplete,EMERGENCY PUSH BUTTON PRESSED||2130 PRODUCTION PART COUNT REACHED.,Network Off
,,,,,,,,,,,,,,,,N2,-,07-07-2026 01:55:53,07-07-2026 01:59:01,0,Incomplete,2130 PRODUCTION PART COUNT REACHED.,Network Off
,,,,,,,,,,,,,,,,N2,-,07-07-2026 01:59:01,07-07-2026 02:00:59,0,Incomplete,2130 PRODUCTION PART COUNT REACHED.,Network Off
,,,,,,,,,,,,,,,,N2,-,07-07-2026 02:00:59,07-07-2026 02:03:32,0,Incomplete,2130 PRODUCTION PART COUNT REACHED.||EMERGENCY PUSH BUTTON PRESSED,Network Off
,,,,,,,,,,,,,,,,N2,-,07-07-2026 02:03:32,07-07-2026 02:12:42,0,Incomplete,EMERGENCY PUSH BUTTON PRESSED,Network Off
,,,,,,,,,,,,,,,,N2,-,07-07-2026 02:12:42,07-07-2026 02:15:48,0,Incomplete,EMERGENCY PUSH BUTTON PRESSED||2130 PRODUCTION PART COUNT REACHED.,Network Off
,,,,,,,,,,,,,,,,N2,-,07-07-2026 02:15:48,07-07-2026 02:18:25,0,Incomplete,2130 PRODUCTION PART COUNT REACHED.,Network Off
,,,,,,,,,,,,,,,,N2,-,07-07-2026 02:18:25,07-07-2026 02:26:01,0,Unknown,2130 PRODUCTION PART COUNT REACHED.,-
,,,,,,,,,,,,,,,,N1,-,07-07-2026 02:26:01,07-07-2026 02:27:00,44,Unknown,-,-
,,,,,,,,,,,,,,,,N2,-,07-07-2026 02:27:00,07-07-2026 02:31:21,42,Unknown,AUTO COOLANT NOT ON.                    REMEDY:-ACTUATE THE  COOLANT PUSH BUTTON.,-
,,,,,,,,,,,,,,,,N1,-,07-07-2026 02:31:21,07-07-2026 02:39:25,199,Incomplete,AUTO COOLANT NOT ON.                    REMEDY:-ACTUATE THE  COOLANT PUSH BUTTON.||POWER DETECTION FAILURE PRESS FEED OFF PB TO ALM RESET,Network Off
,,,,,,,,,,,,,,,,N1,-,07-07-2026 02:39:25,07-07-2026 02:57:14,792,Unknown,"POWER DETECTION FAILURE PRESS FEED OFF PB TO ALM RESET||FEED HOLD.                              REMEDY:-RELEASE FEED OVERRIDE SWITCH TO ABOVE 0%,SWITCH OFF THE FEED HOLD TOGGLESWITCH.",-
,,,,,,,,,,,,,,,,N2,-,07-07-2026 02:57:14,07-07-2026 03:07:05,577,Incomplete,2130 PRODUCTION PART COUNT REACHED.,Network Off
,,,,,,,,,,,,,,,,N2,-,07-07-2026 03:07:05,07-07-2026 03:10:36,210,Unknown,2130 PRODUCTION PART COUNT REACHED.,-
62,07-07-2026 00:49:29,SURIN-BFW_XTRON_3,119,SANDEEP,5101,JCB PIVOT OUTER,-,-,-,592,00:03:18,00:12:23,00:00:00,00:00:00,NEW,N1,180,07-07-2026 01:00:35,07-07-2026 01:03:33,106,Completed,-,-
,,,,,,,,,,,,,,,,N2,240,-,-,0,Skipped,-,-
,,,,,,,,,,,,,,,,N4,-,07-07-2026 01:03:33,07-07-2026 01:04:21,48,Unknown,-,-
,,,,,,,,,,,,,,,,N5,-,07-07-2026 01:04:21,07-07-2026 01:05:09,44,Unknown,-,-
63,07-07-2026 01:05:09,SURIN-BFW_XTRON_3,119,SANDEEP,5101,JCB PIVOT OUTER,-,-,-,593,00:03:13,00:05:25,00:00:00,00:00:00,NEW,N1,180,07-07-2026 01:09:09,07-07-2026 01:12:16,102,Completed,-,-
,,,,,,,,,,,,,,,,N2,240,-,-,0,Skipped,-,-
,,,,,,,,,,,,,,,,N4,-,07-07-2026 01:12:16,07-07-2026 01:13:03,47,Unknown,-,-
,,,,,,,,,,,,,,,,N5,-,07-07-2026 01:13:03,07-07-2026 01:13:47,44,Unknown,-,-
64,07-07-2026 01:13:47,SURIN-BFW_XTRON_3,119,SANDEEP,5101,JCB PIVOT OUTER,9,-,1,594,00:13:38,01:01:13,00:11:12,00:05:11,duplicate,N1,180,-,-,0,Skipped,-,-
,,,,,,,,,,,,,,,,N2,240,-,-,0,Skipped,-,-
,,,,,,,,,,,,,,,,N5,-,07-07-2026 01:40:28,07-07-2026 01:49:39,3,Incomplete,-,Network Off
,,,,,,,,,,,,,,,,N5,-,07-07-2026 01:49:39,07-07-2026 01:58:30,0,Incomplete,-,Network Off
,,,,,,,,,,,,,,,,N5,-,07-07-2026 01:58:30,07-07-2026 02:02:05,0,Incomplete,-,Network Off
,,,,,,,,,,,,,,,,N5,-,07-07-2026 02:02:05,07-07-2026 02:14:01,266,Incomplete,-,Network Off
,,,,,,,,,,,,,,,,N5,-,07-07-2026 02:14:01,07-07-2026 02:31:18,108,Unknown,-,-
,,,,,,,,,,,,,,,,N2,240,07-07-2026 02:31:18,07-07-2026 02:36:05,20,Incomplete,-,Network Off
,,,,,,,,,,,,,,,,N2,240,07-07-2026 02:36:05,07-07-2026 02:40:57,12,Incomplete,-,Network Off
,,,,,,,,,,,,,,,,N2,240,07-07-2026 02:40:57,07-07-2026 02:45:00,92,Rework-2,-,-
65,07-07-2026 02:45:00,SURIN-BFW_XTRON_3,119,SANDEEP,5101,JCB PIVOT OUTER,-,-,-,595,00:06:17,00:04:51,00:00:00,00:00:06,NEW,N1,180,-,-,0,Skipped,-,-
,,,,,,,,,,,,,,,,N2,240,-,-,0,Skipped,-,-
66,07-07-2026 02:56:14,SURIN-BFW_XTRON_3,119||124,SANDEEP||GULAB KUMAR,5101,JCB PIVOT OUTER,9||302890001,-,1,596,00:50:34,00:13:06,00:00:06,00:00:14,duplicate,N1,180,-,-,0,Skipped,-,-
,,,,,,,,,,,,,,,,N2,240,07-07-2026 02:58:08,07-07-2026 03:05:34,321,Completed,-,-
,,,,,,,,,,,,,,,,N1,180,07-07-2026 03:05:34,07-07-2026 04:00:12,2653,Completed,-,-
67,07-07-2026 03:10:36,SURIN-BFW_XTRON_1,125,AKASH PATEL,60497,UNIMACTS-S125 - COUNTER WEIGHT SUPPORT,-,-,-,13,00:36:58,00:31:44,00:00:00,00:00:00,NEW,N10,40,-,-,0,Skipped,-,-
,,,,,,,,,,,,,,,,N1,-,07-07-2026 03:40:16,07-07-2026 03:42:33,62,Unknown,WRONG OPERATING MODE.                   REMEDY:-OPERATE AT PROPER MODE.,-
,,,,,,,,,,,,,,,,N2,-,07-07-2026 03:42:33,07-07-2026 03:44:05,49,Unknown,AUTO COOLANT NOT ON.                    REMEDY:-ACTUATE THE  COOLANT PUSH BUTTON.||WRONG OPERATING MODE.                   REMEDY:-OPERATE AT PROPER MODE.,-
,,,,,,,,,,,,,,,,N1,-,07-07-2026 03:44:05,07-07-2026 04:01:37,1052,Unknown,AUTO COOLANT NOT ON.                    REMEDY:-ACTUATE THE  COOLANT PUSH BUTTON.,-
,,,,,,,,,,,,,,,,N2,-,07-07-2026 04:01:37,07-07-2026 04:19:18,1056,Unknown,-,-
68,07-07-2026 03:46:52,SURIN-BFW_XTRON_2,125||121,AKASH PATEL||OMKAR,4801||1001162077,LIUGONG MOTOR BRACKET||JLG 450 CHASSIS,50316207610||502066002,-,1,12,06:26:37,06:38:54,00:34:49,00:33:16,NEW,N1,480,-,-,0,Skipped,-,-
,,,,,,,,,,,,,,,,N2,420,-,-,0,Skipped,-,-
,,,,,,,,,,,,,,,,N3,241,-,-,0,Skipped,-,-
,,,,,,,,,,,,,,,,N4,1200,-,-,0,Skipped,-,-
,,,,,,,,,,,,,,,,N101,-,07-07-2026 06:53:18,07-07-2026 09:19:55,942,Incomplete,-,Network Off
,,,,,,,,,,,,,,,,N101,-,07-07-2026 09:19:55,07-07-2026 09:49:35,0,Incomplete,-,Network Off
,,,,,,,,,,,,,,,,N101,-,07-07-2026 09:49:35,07-07-2026 10:18:44,11,Incomplete,-,Network Off
,,,,,,,,,,,,,,,,N101,-,07-07-2026 10:18:44,07-07-2026 10:59:06,0,Incomplete,-,Network Off
,,,,,,,,,,,,,,,,N101,-,07-07-2026 10:59:06,07-07-2026 11:37:39,38,Unknown,-,-
,,,,,,,,,,,,,,,,N102,-,07-07-2026 11:37:39,07-07-2026 11:48:28,579,Unknown,-,-
,,,,,,,,,,,,,,,,N103,-,07-07-2026 11:48:28,07-07-2026 11:54:58,368,Unknown,-,-
,,,,,,,,,,,,,,,,N104,-,07-07-2026 11:54:58,07-07-2026 12:10:13,435,Incomplete,-,Network Off
,,,,,,,,,,,,,,,,N104,-,07-07-2026 12:10:13,07-07-2026 12:47:54,1481,Incomplete,-,Network Off
,,,,,,,,,,,,,,,,N104,-,07-07-2026 12:47:54,07-07-2026 13:48:59,1818,Unknown,-,-
,,,,,,,,,,,,,,,,N102,-,07-07-2026 13:48:59,07-07-2026 13:55:30,336,Unknown,-,-
,,,,,,,,,,,,,,,,N103,-,07-07-2026 13:55:30,07-07-2026 14:01:52,355,Unknown,-,-
,,,,,,,,,,,,,,,,N104,-,07-07-2026 14:01:52,07-07-2026 14:13:07,527,Incomplete,-,Network Off
,,,,,,,,,,,,,,,,N104,-,07-07-2026 14:13:07,07-07-2026 14:42:14,1425,Incomplete,-,Network Off
,,,,,,,,,,,,,,,,N104,-,07-07-2026 14:42:14,07-07-2026 14:45:35,0,Unknown,-,-
,,,,,,,,,,,,,,,,N102,-,07-07-2026 14:45:35,07-07-2026 14:46:27,15,Unknown,-,-
,,,,,,,,,,,,,,,,N104,-,07-07-2026 14:46:27,07-07-2026 15:25:40,1671,Incomplete,-,Network Off
,,,,,,,,,,,,,,,,N104,-,07-07-2026 15:25:40,07-07-2026 15:29:20,0,Unknown,-,-
,,,,,,,,,,,,,,,,N102,-,07-07-2026 15:29:20,07-07-2026 15:34:35,312,Unknown,-,-
,,,,,,,,,,,,,,,,N103,-,07-07-2026 15:34:35,07-07-2026 15:40:11,310,Unknown,-,-
,,,,,,,,,,,,,,,,N104,-,07-07-2026 15:40:11,07-07-2026 16:03:03,1024,Incomplete,-,Network Off
,,,,,,,,,,,,,,,,N104,-,07-07-2026 16:03:03,07-07-2026 16:16:27,606,Incomplete,-,Network Off
,,,,,,,,,,,,,,,,N104,-,07-07-2026 16:16:27,07-07-2026 16:36:10,1180,Incomplete,-,Network Off
,,,,,,,,,,,,,,,,N104,-,07-07-2026 16:36:10,07-07-2026 16:57:20,453,Unknown,-,-
,,,,,,,,,,,,,,,,N102,-,07-07-2026 16:57:20,07-07-2026 17:02:33,309,Unknown,-,-
,,,,,,,,,,,,,,,,N103,-,07-07-2026 17:02:33,07-07-2026 17:07:40,305,Unknown,-,-
,,,,,,,,,,,,,,,,N104,-,07-07-2026 17:07:40,07-07-2026 18:00:27,3163,Unknown,-,-
,,,,,,,,,,,,,,,,N1,420,-,-,0,Skipped,-,-
,,,,,,,,,,,,,,,,N2,720,-,-,0,Skipped,-,-
,,,,,,,,,,,,,,,,N3,60,-,-,0,Skipped,-,-
,,,,,,,,,,,,,,,,N4,120,-,-,0,Skipped,-,-
,,,,,,,,,,,,,,,,N5,60,-,-,0,Skipped,-,-
,,,,,,,,,,,,,,,,N6,60,-,-,0,Skipped,-,-
,,,,,,,,,,,,,,,,N7,60,-,-,0,Skipped,-,-
,,,,,,,,,,,,,,,,N8,360,-,-,0,Skipped,-,-
,,,,,,,,,,,,,,,,N9,360,-,-,0,Skipped,-,-
,,,,,,,,,,,,,,,,N10,120,-,-,0,Skipped,-,-
,,,,,,,,,,,,,,,,N11,120,-,-,0,Skipped,-,-
,,,,,,,,,,,,,,,,N12,420,-,-,0,Skipped,-,-
,,,,,,,,,,,,,,,,N13,420,-,-,0,Skipped,-,-
,,,,,,,,,,,,,,,,N14,120,-,-,0,Skipped,-,-
,,,,,,,,,,,,,,,,N15,120,-,-,0,Skipped,-,-
,,,,,,,,,,,,,,,,N16,120,-,-,0,Skipped,-,-
,,,,,,,,,,,,,,,,N17,120,-,-,0,Skipped,-,-
,,,,,,,,,,,,,,,,N18,120,-,-,0,Skipped,-,-
,,,,,,,,,,,,,,,,N19,120,-,-,0,Skipped,-,-
,,,,,,,,,,,,,,,,N20,960,-,-,0,Skipped,-,-
,,,,,,,,,,,,,,,,N21,960,-,-,0,Skipped,-,-
,,,,,,,,,,,,,,,,N22,240,-,-,0,Skipped,-,-
,,,,,,,,,,,,,,,,N23,720,-,-,0,Skipped,-,-
,,,,,,,,,,,,,,,,N24,60,-,-,0,Skipped,-,-
,,,,,,,,,,,,,,,,N25,60,-,-,0,Skipped,-,-
,,,,,,,,,,,,,,,,N26,60,-,-,0,Skipped,-,-
,,,,,,,,,,,,,,,,N27,60,-,-,0,Skipped,-,-
,,,,,,,,,,,,,,,,N28,60,-,-,0,Skipped,-,-
,,,,,,,,,,,,,,,,N103,-,07-07-2026 11:48:28,07-07-2026 11:54:58,368,Unknown,-,-
,,,,,,,,,,,,,,,,N104,-,07-07-2026 11:54:58,07-07-2026 12:10:13,435,Incomplete,-,Network Off
,,,,,,,,,,,,,,,,N104,-,07-07-2026 12:10:13,07-07-2026 12:47:54,1481,Incomplete,-,Network Off
,,,,,,,,,,,,,,,,N104,-,07-07-2026 12:47:54,07-07-2026 13:48:59,1818,Unknown,-,-
,,,,,,,,,,,,,,,,N102,-,07-07-2026 13:48:59,07-07-2026 13:55:30,336,Unknown,-,-
,,,,,,,,,,,,,,,,N103,-,07-07-2026 13:55:30,07-07-2026 14:01:52,355,Unknown,-,-
,,,,,,,,,,,,,,,,N104,-,07-07-2026 14:01:52,07-07-2026 14:13:07,527,Incomplete,-,Network Off
,,,,,,,,,,,,,,,,N104,-,07-07-2026 14:13:07,07-07-2026 14:42:14,1425,Incomplete,-,Network Off
,,,,,,,,,,,,,,,,N104,-,07-07-2026 14:42:14,07-07-2026 14:45:35,0,Unknown,-,-
,,,,,,,,,,,,,,,,N102,-,07-07-2026 14:45:35,07-07-2026 14:46:27,15,Unknown,-,-
,,,,,,,,,,,,,,,,N104,-,07-07-2026 14:46:27,07-07-2026 15:25:40,1671,Incomplete,-,Network Off
,,,,,,,,,,,,,,,,N104,-,07-07-2026 15:25:40,07-07-2026 15:29:20,0,Unknown,-,-
,,,,,,,,,,,,,,,,N102,-,07-07-2026 15:29:20,07-07-2026 15:34:35,312,Unknown,-,-
,,,,,,,,,,,,,,,,N103,-,07-07-2026 15:34:35,07-07-2026 15:40:11,310,Unknown,-,-
,,,,,,,,,,,,,,,,N104,-,07-07-2026 15:40:11,07-07-2026 16:03:03,1024,Incomplete,-,Network Off
,,,,,,,,,,,,,,,,N104,-,07-07-2026 16:03:03,07-07-2026 16:16:27,606,Incomplete,-,Network Off
,,,,,,,,,,,,,,,,N104,-,07-07-2026 16:16:27,07-07-2026 16:36:10,1180,Incomplete,-,Network Off
,,,,,,,,,,,,,,,,N104,-,07-07-2026 16:36:10,07-07-2026 16:57:20,453,Unknown,-,-
,,,,,,,,,,,,,,,,N102,-,07-07-2026 16:57:20,07-07-2026 17:02:33,309,Unknown,-,-
,,,,,,,,,,,,,,,,N103,-,07-07-2026 17:02:33,07-07-2026 17:07:40,305,Unknown,-,-
,,,,,,,,,,,,,,,,N104,-,07-07-2026 17:07:40,07-07-2026 18:00:27,3163,Unknown,-,-
69,07-07-2026 04:00:12,SURIN-BFW_XTRON_3,119||124,SANDEEP||GULAB KUMAR,5101,JCB PIVOT OUTER,302890001,-,1,597,00:44:13,05:07:08,00:04:59,00:06:52,NEW,N1,180,07-07-2026 06:08:38,07-07-2026 06:53:46,0,Incomplete,-,Network Off
,,,,,,,,,,,,,,,,N2,240,-,-,0,Skipped,-,-
,,,,,,,,,,,,,,,,N1,180,07-07-2026 06:53:46,07-07-2026 06:56:09,0,Incomplete,-,Network Off
,,,,,,,,,,,,,,,,N1,180,07-07-2026 06:56:09,07-07-2026 06:57:22,0,Incomplete,-,Network Off
,,,,,,,,,,,,,,,,N1,180,07-07-2026 06:57:22,07-07-2026 07:47:21,0,Rework-3,-,-
,,,,,,,,,,,,,,,,N2,240,07-07-2026 07:47:21,07-07-2026 08:28:45,1806,Incomplete,-,Network Off
,,,,,,,,,,,,,,,,N2,240,07-07-2026 08:28:45,07-07-2026 09:19:44,332,Incomplete,-,Network Off
,,,,,,,,,,,,,,,,N2,240,07-07-2026 09:19:44,07-07-2026 10:03:23,515,Rework-2,-,-
70,07-07-2026 04:19:18,SURIN-BFW_XTRON_1,125||119,AKASH PATEL||SANDEEP,60497||1001162990,UNIMACTS-S125 - COUNTER WEIGHT SUPPORT||JLG 450 CHASSIS BEARING,40280008003||3,-,0,14,00:32:15,05:19:50,00:05:15,00:34:35,NEW,N10,40,-,-,0,Skipped,-,-
,,,,,,,,,,,,,,,,N2,-,07-07-2026 04:59:16,07-07-2026 06:49:05,0,Incomplete,2130 PRODUCTION PART COUNT REACHED.,Network Off
,,,,,,,,,,,,,,,,N2,-,07-07-2026 06:49:05,07-07-2026 09:20:11,0,Incomplete,2130 PRODUCTION PART COUNT REACHED.||UNKNOWN||SP.TOOL#12                     CH.TOOL#0                     CH.POT#0                      B-POSITION#0||EMERGENCY PUSH BUTTON PRESSED,Network Off
,,,,,,,,,,,,,,,,N2,-,07-07-2026 09:20:11,07-07-2026 09:45:18,0,Incomplete,EMERGENCY PUSH BUTTON PRESSED||2130 PRODUCTION PART COUNT REACHED.,Network Off
,,,,,,,,,,,,,,,,N2,-,07-07-2026 09:45:18,07-07-2026 10:17:48,14,Unknown,EMERGENCY PUSH BUTTON PRESSED||COLLET NOT CLOSED.                      REMEDY:-FOR MORE DETAIL REFER OPERATION & MAINTENENCE MANUAL PAGE 21-9.|| TOOL MAGAZINE NOT REFERENCED||SP.TOOL#10                     CH.TOOL#0                     CH.POT#11                      B-POSITION#0||ATC NOT IN HOME POSITION.               REMEDY:-FOR MORE DETAIL REFER OPERATION & MAINTENENCE MANUAL PAGE 21-11.||REFERENCE Z-AXIS & THEN PROC.,-
,,,,,,,,,,,,,,,,N1,-,07-07-2026 10:17:48,07-07-2026 10:17:48,0,Unknown,-,-
,,,,,,,,,,,,,,,,N10,40,-,-,0,Skipped,-,-
,,,,,,,,,,,,,,,,N1,-,07-07-2026 10:17:48,07-07-2026 10:51:12,1922,Unknown,WRONG OPERATING MODE.                   REMEDY:-OPERATE AT PROPER MODE.||REFERENCE Z-AXIS & THEN PROC.||PRESS FEED ON PB.,-
71,07-07-2026 10:03:23,SURIN-BFW_XTRON_3,119||124,SANDEEP||GULAB KUMAR,5101,JCB PIVOT OUTER,302890001,-,1,598,02:34:22,00:58:23,00:48:10,00:33:53,duplicate,N1,180,07-07-2026 10:04:03,07-07-2026 10:47:55,2109,Incomplete,-,Network Off
,,,,,,,,,,,,,,,,N2,240,-,-,0,Skipped,-,-
,,,,,,,,,,,,,,,,N1,180,07-07-2026 10:47:55,07-07-2026 10:59:19,370,Incomplete,-,Network Off
,,,,,,,,,,,,,,,,N1,180,07-07-2026 10:59:19,07-07-2026 12:15:35,3431,Incomplete,-,Network Off
,,,,,,,,,,,,,,,,N1,180,07-07-2026 12:15:35,07-07-2026 12:47:21,0,Incomplete,-,Network Off
,,,,,,,,,,,,,,,,N1,180,07-07-2026 12:47:21,07-07-2026 14:08:51,1792,Rework-4,-,-
,,,,,,,,,,,,,,,,N2,240,07-07-2026 14:08:51,07-07-2026 14:12:02,33,Incomplete,-,Network Off
,,,,,,,,,,,,,,,,N2,240,07-07-2026 14:12:02,07-07-2026 14:53:42,1261,Incomplete,-,Network Off
,,,,,,,,,,,,,,,,N2,240,07-07-2026 14:53:42,07-07-2026 14:58:10,269,Rework-2,-,-
72,07-07-2026 10:51:12,SURIN-BFW_XTRON_1,119,SANDEEP,1001162990,JLG 450 CHASSIS BEARING,3,-,0,15,00:31:00,00:13:45,00:01:07,00:02:27,NEW,N10,40,-,-,0,Skipped,-,-
,,,,,,,,,,,,,,,,N1,-,07-07-2026 10:59:09,07-07-2026 11:39:30,1860,Unknown,EMERGENCY PUSH BUTTON PRESSED||2130 PRODUCTION PART COUNT REACHED.,-
73,07-07-2026 11:39:30,SURIN-BFW_XTRON_1,119,SANDEEP,1001162990,JLG 450 CHASSIS BEARING,3,-,0,16,00:32:16,00:25:39,00:17:27,00:13:43,duplicate,N10,40,-,-,0,Skipped,-,-
,,,,,,,,,,,,,,,,N1,-,07-07-2026 12:10:28,07-07-2026 12:48:00,1562,Incomplete,UNKNOWN||2130 PRODUCTION PART COUNT REACHED.||PRESS FEED ON PB.||EMERGENCY PUSH BUTTON PRESSED,Network Off
,,,,,,,,,,,,,,,,N1,-,07-07-2026 12:48:00,07-07-2026 13:08:34,350,Unknown,EMERGENCY PUSH BUTTON PRESSED||2130 PRODUCTION PART COUNT REACHED.||WRONG OPERATING MODE.                   REMEDY:-OPERATE AT PROPER MODE.,-
74,07-07-2026 13:08:34,SURIN-BFW_XTRON_1,119,SANDEEP,1001162990,JLG 450 CHASSIS BEARING,3,-,0,17,02:06:16,01:42:02,00:14:38,00:03:29,duplicate,N10,40,-,-,0,Skipped,-,-
,,,,,,,,,,,,,,,,N1,-,07-07-2026 14:13:02,07-07-2026 14:42:18,1392,Incomplete,EMERGENCY PUSH BUTTON PRESSED||2130 PRODUCTION PART COUNT REACHED.|| TOOL MAGAZINE NOT REFERENCED,Network Off
,,,,,,,,,,,,,,,,N1,-,07-07-2026 14:42:18,07-07-2026 15:25:55,1169,Incomplete,EMERGENCY PUSH BUTTON PRESSED||2130 PRODUCTION PART COUNT REACHED.||SP.TOOL#3                     CH.TOOL#0                     CH.POT#0                      B-POSITION#0||(Y)+ OVERTRAVEL ( SOFT 1 )||(Z)+ OVERTRAVEL ( SOFT 1 ),Network Off
,,,,,,,,,,,,,,,,N1,-,07-07-2026 15:25:55,07-07-2026 16:03:23,1771,Incomplete,EMERGENCY PUSH BUTTON PRESSED||2130 PRODUCTION PART COUNT REACHED.||AUTO COOLANT NOT ON.                    REMEDY:-ACTUATE THE  COOLANT PUSH BUTTON.,Network Off
,,,,,,,,,,,,,,,,N1,-,07-07-2026 16:03:23,07-07-2026 16:24:42,701,Incomplete,EMERGENCY PUSH BUTTON PRESSED||2130 PRODUCTION PART COUNT REACHED.||WRONG OPERATING MODE.                   REMEDY:-OPERATE AT PROPER MODE.,Network Off
,,,,,,,,,,,,,,,,N1,-,07-07-2026 16:24:42,07-07-2026 16:30:22,21,Incomplete,2130 PRODUCTION PART COUNT REACHED.||PRESS FEED ON PB.,Network Off
,,,,,,,,,,,,,,,,N1,-,07-07-2026 16:30:22,07-07-2026 16:31:50,0,Incomplete,2130 PRODUCTION PART COUNT REACHED.,Network Off
,,,,,,,,,,,,,,,,N1,-,07-07-2026 16:31:50,07-07-2026 17:14:58,2252,Unknown,2130 PRODUCTION PART COUNT REACHED.||PRESS FEED ON PB.,-
75,07-07-2026 14:58:10,SURIN-BFW_XTRON_3,119||124,SANDEEP||GULAB KUMAR,5101,JCB PIVOT OUTER,302890001,-,1,601,00:14:14,00:49:31,00:23:10,00:02:09,duplicate,N1,180,-,-,0,Skipped,-,-
,,,,,,,,,,,,,,,,N2,240,07-07-2026 15:15:03,07-07-2026 15:25:15,0,Incomplete,-,Network Off
,,,,,,,,,,,,,,,,N2,240,07-07-2026 15:25:15,07-07-2026 16:19:13,24,Incomplete,-,Network Off
,,,,,,,,,,,,,,,,N2,240,07-07-2026 16:19:13,07-07-2026 16:27:13,265,Rework-2,-,-
76,07-07-2026 16:27:13,SURIN-BFW_XTRON_3,119||124,SANDEEP||GULAB KUMAR,5101,JCB PIVOT OUTER,302890001,-,1,602,00:47:32,00:06:10,00:00:17,00:00:00,duplicate,N1,180,07-07-2026 16:27:42,07-07-2026 16:30:18,18,Incomplete,-,Network Off
,,,,,,,,,,,,,,,,N2,240,-,-,0,Skipped,-,-
,,,,,,,,,,,,,,,,N1,180,07-07-2026 16:30:18,07-07-2026 16:31:40,0,Incomplete,-,Network Off
,,,,,,,,,,,,,,,,N1,180,07-07-2026 16:31:40,07-07-2026 17:15:04,2534,Rework-2,-,-
,,,,,,,,,,,,,,,,N2,240,07-07-2026 17:15:04,07-07-2026 17:21:11,301,Completed,-,-
77,07-07-2026 17:14:58,SURIN-BFW_XTRON_1,119,SANDEEP,1001162990,JLG 450 CHASSIS BEARING,3,-,0,18,00:41:04,00:24:26,00:01:04,00:00:27,duplicate,N10,40,-,-,0,Skipped,-,-
,,,,,,,,,,,,,,,,N1,-,07-07-2026 18:03:50,07-07-2026 18:21:59,1008,Unknown,EMERGENCY PUSH BUTTON PRESSED||2130 PRODUCTION PART COUNT REACHED.||UNKNOWN,-
78,07-07-2026 17:21:11,SURIN-BFW_XTRON_3,119||124,SANDEEP||GULAB KUMAR,5101,JCB PIVOT OUTER,302890001,-,1,603,01:07:41,00:22:36,00:01:27,00:00:19,duplicate,N1,180,07-07-2026 17:22:00,07-07-2026 18:01:12,2271,Incomplete,-,Network Off
,,,,,,,,,,,,,,,,N2,240,-,-,0,Skipped,-,-
,,,,,,,,,,,,,,,,N1,180,07-07-2026 18:01:12,07-07-2026 18:03:12,0,Incomplete,-,Network Off
,,,,,,,,,,,,,,,,N1,180,07-07-2026 18:03:12,07-07-2026 18:26:32,436,Rework-2,-,-
,,,,,,,,,,,,,,,,N2,240,07-07-2026 18:26:32,07-07-2026 18:53:13,1355,Completed,-,-
79,07-07-2026 18:00:27,SURIN-BFW_XTRON_2,125||121,AKASH PATEL||OMKAR,4801||1001162077,LIUGONG MOTOR BRACKET||JLG 450 CHASSIS,502066002,-,1,13,02:32:16,01:17:13,00:09:20,00:29:17,NEW,N1,480,-,-,0,Skipped,-,-
,,,,,,,,,,,,,,,,N2,420,-,-,0,Skipped,-,-
,,,,,,,,,,,,,,,,N3,241,-,-,0,Skipped,-,-
,,,,,,,,,,,,,,,,N4,1200,-,-,0,Skipped,-,-
,,,,,,,,,,,,,,,,N102,-,07-07-2026 18:09:11,07-07-2026 18:35:39,632,Unknown,-,-
,,,,,,,,,,,,,,,,N103,-,07-07-2026 18:35:39,07-07-2026 18:40:51,311,Unknown,-,-
,,,,,,,,,,,,,,,,N104,-,07-07-2026 18:40:51,07-07-2026 19:52:27,3353,Incomplete,-,Network Off
,,,,,,,,,,,,,,,,N104,-,07-07-2026 19:52:27,07-07-2026 20:00:00,0,Unknown,-,-
,,,,,,,,,,,,,,,,N1,420,-,-,0,Skipped,-,-
,,,,,,,,,,,,,,,,N2,720,-,-,0,Skipped,-,-
,,,,,,,,,,,,,,,,N3,60,-,-,0,Skipped,-,-
,,,,,,,,,,,,,,,,N4,120,-,-,0,Skipped,-,-
,,,,,,,,,,,,,,,,N5,60,-,-,0,Skipped,-,-
,,,,,,,,,,,,,,,,N6,60,-,-,0,Skipped,-,-
,,,,,,,,,,,,,,,,N7,60,-,-,0,Skipped,-,-
,,,,,,,,,,,,,,,,N8,360,-,-,0,Skipped,-,-
,,,,,,,,,,,,,,,,N9,360,-,-,0,Skipped,-,-
,,,,,,,,,,,,,,,,N10,120,-,-,0,Skipped,-,-
,,,,,,,,,,,,,,,,N11,120,-,-,0,Skipped,-,-
,,,,,,,,,,,,,,,,N12,420,-,-,0,Skipped,-,-
,,,,,,,,,,,,,,,,N13,420,-,-,0,Skipped,-,-
,,,,,,,,,,,,,,,,N14,120,-,-,0,Skipped,-,-
,,,,,,,,,,,,,,,,N15,120,-,-,0,Skipped,-,-
,,,,,,,,,,,,,,,,N16,120,-,-,0,Skipped,-,-
,,,,,,,,,,,,,,,,N17,120,-,-,0,Skipped,-,-
,,,,,,,,,,,,,,,,N18,120,-,-,0,Skipped,-,-
,,,,,,,,,,,,,,,,N19,120,-,-,0,Skipped,-,-
,,,,,,,,,,,,,,,,N20,960,-,-,0,Skipped,-,-
,,,,,,,,,,,,,,,,N21,960,-,-,0,Skipped,-,-
,,,,,,,,,,,,,,,,N22,240,-,-,0,Skipped,-,-
,,,,,,,,,,,,,,,,N23,720,-,-,0,Skipped,-,-
,,,,,,,,,,,,,,,,N24,60,-,-,0,Skipped,-,-
,,,,,,,,,,,,,,,,N25,60,-,-,0,Skipped,-,-
,,,,,,,,,,,,,,,,N26,60,-,-,0,Skipped,-,-
,,,,,,,,,,,,,,,,N27,60,-,-,0,Skipped,-,-
,,,,,,,,,,,,,,,,N28,60,-,-,0,Skipped,-,-
,,,,,,,,,,,,,,,,N102,-,07-07-2026 18:09:11,07-07-2026 18:35:39,632,Unknown,-,-
,,,,,,,,,,,,,,,,N103,-,07-07-2026 18:35:39,07-07-2026 18:40:51,311,Unknown,-,-
,,,,,,,,,,,,,,,,N104,-,07-07-2026 18:40:51,07-07-2026 19:52:27,3353,Incomplete,-,Network Off
,,,,,,,,,,,,,,,,N104,-,07-07-2026 19:52:27,07-07-2026 20:27:20,0,Unknown,-,-
,,,,,,,,,,,,,,,,N102,-,07-07-2026 20:27:20,07-07-2026 20:33:59,378,Unknown,-,-
,,,,,,,,,,,,,,,,N103,-,07-07-2026 20:33:59,07-07-2026 20:37:37,206,Unknown,-,-
,,,,,,,,,,,,,,,,N104,-,07-07-2026 20:37:37,07-07-2026 21:00:06,1042,Incomplete,-,Network Off
,,,,,,,,,,,,,,,,N104,-,07-07-2026 21:00:06,07-07-2026 21:27:42,0,Unknown,-,-
,,,,,,,,,,,,,,,,N102,-,07-07-2026 21:27:42,07-07-2026 21:27:49,0,Unknown,-,-
,,,,,,,,,,,,,,,,N104,-,07-07-2026 21:27:49,07-07-2026 21:35:35,292,Incomplete,-,Network Off
,,,,,,,,,,,,,,,,N104,-,07-07-2026 21:35:35,07-07-2026 21:36:28,0,Incomplete,-,Network Off
,,,,,,,,,,,,,,,,N104,-,07-07-2026 21:36:28,07-07-2026 21:41:12,85,Incomplete,-,Network Off
,,,,,,,,,,,,,,,,N104,-,07-07-2026 21:41:12,07-07-2026 21:44:04,168,Incomplete,-,Network Off
,,,,,,,,,,,,,,,,N104,-,07-07-2026 21:44:04,07-07-2026 22:28:33,2669,Unknown,-,-
80,07-07-2026 18:21:59,SURIN-BFW_XTRON_1,119,SANDEEP,1001162990,JLG 450 CHASSIS BEARING,3,-,0,19,00:37:50,00:27:18,00:00:03,00:00:30,duplicate,N10,40,-,-,0,Skipped,-,-
,,,,,,,,,,,,,,,,N1,-,07-07-2026 18:40:01,07-07-2026 19:27:38,2269,Unknown,2130 PRODUCTION PART COUNT REACHED.||ATC NOT IN HOME POSITION.               REMEDY:-FOR MORE DETAIL REFER OPERATION & MAINTENENCE MANUAL PAGE 21-11.,-
81,07-07-2026 18:53:13,SURIN-BFW_XTRON_3,119||124,SANDEEP||GULAB KUMAR,5101,JCB PIVOT OUTER,-,-,-,604,00:21:55,00:05:42,00:00:00,00:00:00,NEW,N1,180,-,-,0,Skipped,-,-
,,,,,,,,,,,,,,,,N2,240,-,-,0,Skipped,-,-
82,07-07-2026 19:20:50,SURIN-BFW_XTRON_3,119||124,SANDEEP||GULAB KUMAR,5101,JCB PIVOT OUTER,302890001||9,-,1,605,00:03:53,01:37:18,00:36:06,00:34:51,duplicate,N1,180,-,-,0,Skipped,-,-
,,,,,,,,,,,,,,,,N2,240,07-07-2026 21:27:33,07-07-2026 21:34:41,0,Incomplete,-,Network Off
,,,,,,,,,,,,,,,,N2,240,07-07-2026 21:34:41,07-07-2026 21:36:01,0,Incomplete,-,Network Off
,,,,,,,,,,,,,,,,N2,240,07-07-2026 21:36:01,07-07-2026 21:40:12,0,Incomplete,-,Network Off
,,,,,,,,,,,,,,,,N2,240,07-07-2026 21:40:12,07-07-2026 21:44:30,0,Incomplete,-,Network Off
,,,,,,,,,,,,,,,,N2,240,07-07-2026 21:44:30,07-07-2026 22:06:31,0,Rework-4,-,-
,,,,,,,,,,,,,,,,N1,180,07-07-2026 22:06:31,07-07-2026 22:11:21,112,Completed,-,-
,,,,,,,,,,,,,,,,N4,-,07-07-2026 22:11:21,07-07-2026 22:12:13,52,Unknown,-,-
,,,,,,,,,,,,,,,,N5,-,07-07-2026 22:12:13,07-07-2026 22:12:56,44,Unknown,-,-
83,07-07-2026 19:27:38,SURIN-BFW_XTRON_1,119,SANDEEP,1001162990,JLG 450 CHASSIS BEARING,3,-,0,20,00:28:15,01:42:31,00:08:53,00:25:33,duplicate,N10,40,-,-,0,Skipped,-,-
,,,,,,,,,,,,,,,,N1,-,07-07-2026 21:00:09,07-07-2026 21:31:43,0,Incomplete,EMERGENCY PUSH BUTTON PRESSED||2130 PRODUCTION PART COUNT REACHED.,Network Off
,,,,,,,,,,,,,,,,N1,-,07-07-2026 21:31:43,07-07-2026 21:34:03,0,Incomplete,2130 PRODUCTION PART COUNT REACHED.||EMERGENCY PUSH BUTTON PRESSED,Network Off
,,,,,,,,,,,,,,,,N1,-,07-07-2026 21:34:03,07-07-2026 21:36:09,0,Incomplete,EMERGENCY PUSH BUTTON PRESSED||2130 PRODUCTION PART COUNT REACHED.,Network Off
,,,,,,,,,,,,,,,,N1,-,07-07-2026 21:36:09,07-07-2026 21:41:48,0,Incomplete,2130 PRODUCTION PART COUNT REACHED.,Network Off
,,,,,,,,,,,,,,,,N1,-,07-07-2026 21:41:48,07-07-2026 21:44:34,0,Incomplete,2130 PRODUCTION PART COUNT REACHED.,Network Off
,,,,,,,,,,,,,,,,N1,-,07-07-2026 21:44:34,07-07-2026 22:12:49,1695,Unknown,2130 PRODUCTION PART COUNT REACHED.,-
84,07-07-2026 22:12:49,SURIN-BFW_XTRON_1,119,SANDEEP,1001162990,JLG 450 CHASSIS BEARING,3,-,0,21,00:33:07,00:13:39,00:01:02,00:00:00,duplicate,N10,40,-,-,0,Skipped,-,-
,,,,,,,,,,,,,,,,N1,-,07-07-2026 22:53:26,07-07-2026 23:00:37,431,Unknown,2130 PRODUCTION PART COUNT REACHED.,-
85,07-07-2026 22:12:56,SURIN-BFW_XTRON_3,119||124,SANDEEP||GULAB KUMAR,5101,JCB PIVOT OUTER,-,-,-,606,00:03:10,00:13:46,00:00:00,00:00:00,NEW,N1,180,07-07-2026 22:21:19,07-07-2026 22:28:20,98,Completed,-,-
,,,,,,,,,,,,,,,,N2,240,-,-,0,Skipped,-,-
,,,,,,,,,,,,,,,,N4,-,07-07-2026 22:28:20,07-07-2026 22:29:07,47,Unknown,-,-
,,,,,,,,,,,,,,,,N5,-,07-07-2026 22:29:07,07-07-2026 22:29:51,45,Unknown,-,-
86,07-07-2026 22:28:33,SURIN-BFW_XTRON_2,125||121||124,AKASH PATEL||OMKAR||GULAB KUMAR,1001162077||330,JLG 450 CHASSIS||HYUNDAI-R80 LOWER-DOZZER PLATE,502066002||301001001,-,1,14,00:25:28,04:32:38,00:00:05,00:01:40,NEW,N1,420,-,-,0,Skipped,-,-
,,,,,,,,,,,,,,,,N2,720,-,-,0,Skipped,-,-
,,,,,,,,,,,,,,,,N3,60,-,-,0,Skipped,-,-
,,,,,,,,,,,,,,,,N4,120,-,-,0,Skipped,-,-
,,,,,,,,,,,,,,,,N5,60,-,-,0,Skipped,-,-
,,,,,,,,,,,,,,,,N6,60,-,-,0,Skipped,-,-
,,,,,,,,,,,,,,,,N7,60,-,-,0,Skipped,-,-
,,,,,,,,,,,,,,,,N8,360,-,-,0,Skipped,-,-
,,,,,,,,,,,,,,,,N9,360,-,-,0,Skipped,-,-
,,,,,,,,,,,,,,,,N10,120,-,-,0,Skipped,-,-
,,,,,,,,,,,,,,,,N11,120,-,-,0,Skipped,-,-
,,,,,,,,,,,,,,,,N12,420,-,-,0,Skipped,-,-
,,,,,,,,,,,,,,,,N13,420,-,-,0,Skipped,-,-
,,,,,,,,,,,,,,,,N14,120,-,-,0,Skipped,-,-
,,,,,,,,,,,,,,,,N15,120,-,-,0,Skipped,-,-
,,,,,,,,,,,,,,,,N16,120,-,-,0,Skipped,-,-
,,,,,,,,,,,,,,,,N17,120,-,-,0,Skipped,-,-
,,,,,,,,,,,,,,,,N18,120,-,-,0,Skipped,-,-
,,,,,,,,,,,,,,,,N19,120,-,-,0,Skipped,-,-
,,,,,,,,,,,,,,,,N20,960,-,-,0,Skipped,-,-
,,,,,,,,,,,,,,,,N21,960,-,-,0,Skipped,-,-
,,,,,,,,,,,,,,,,N22,240,-,-,0,Skipped,-,-
,,,,,,,,,,,,,,,,N23,720,-,-,0,Skipped,-,-
,,,,,,,,,,,,,,,,N24,60,-,-,0,Skipped,-,-
,,,,,,,,,,,,,,,,N25,60,-,-,0,Skipped,-,-
,,,,,,,,,,,,,,,,N26,60,-,-,0,Skipped,-,-
,,,,,,,,,,,,,,,,N27,60,-,-,0,Skipped,-,-
,,,,,,,,,,,,,,,,N28,60,-,-,0,Skipped,-,-
,,,,,,,,,,,,,,,,N104,-,07-07-2026 22:28:56,07-07-2026 22:38:51,331,Incomplete,-,Network Off
,,,,,,,,,,,,,,,,N104,-,07-07-2026 22:38:51,08-07-2026 02:40:45,270,Unknown,-,-
,,,,,,,,,,,,,,,,N1,420,08-07-2026 02:40:45,08-07-2026 02:44:44,52,Incomplete,-,Network Off
,,,,,,,,,,,,,,,,N1,420,08-07-2026 02:44:44,08-07-2026 03:28:23,875,Rework-1,-,-
,,,,,,,,,,,,,,,,N10,40,-,-,0,Skipped,-,-
,,,,,,,,,,,,,,,,N1,-,08-07-2026 02:40:45,08-07-2026 02:44:44,52,Incomplete,-,Network Off
,,,,,,,,,,,,,,,,N1,-,08-07-2026 02:44:44,08-07-2026 03:28:23,875,Unknown,-,-
87,07-07-2026 22:29:51,SURIN-BFW_XTRON_3,119||124,SANDEEP||GULAB KUMAR,5101,JCB PIVOT OUTER,-,-,-,607,00:03:11,00:06:43,00:00:00,00:00:00,NEW,N1,180,07-07-2026 22:34:28,07-07-2026 22:38:39,126,Completed,-,-
,,,,,,,,,,,,,,,,N2,240,-,-,0,Skipped,-,-
,,,,,,,,,,,,,,,,N4,-,07-07-2026 22:38:39,07-07-2026 22:39:01,22,Unknown,-,-
,,,,,,,,,,,,,,,,N5,-,07-07-2026 22:39:01,07-07-2026 22:39:45,44,Unknown,-,-
88,07-07-2026 22:39:45,SURIN-BFW_XTRON_3,119||124,SANDEEP||GULAB KUMAR,5101,JCB PIVOT OUTER,-,-,-,608,00:03:13,00:03:40,00:00:00,00:00:00,NEW,N1,180,07-07-2026 22:42:03,07-07-2026 22:45:06,101,Completed,-,-
,,,,,,,,,,,,,,,,N2,240,-,-,0,Skipped,-,-
,,,,,,,,,,,,,,,,N4,-,07-07-2026 22:45:06,07-07-2026 22:45:54,48,Unknown,-,-
,,,,,,,,,,,,,,,,N5,-,07-07-2026 22:45:54,07-07-2026 22:46:37,44,Unknown,-,-
89,07-07-2026 22:46:37,SURIN-BFW_XTRON_3,119||124,SANDEEP||GULAB KUMAR,5101,JCB PIVOT OUTER,-,-,-,609,00:03:04,00:04:14,00:00:00,00:00:00,NEW,N1,180,07-07-2026 22:49:14,07-07-2026 22:52:43,112,Completed,-,-
,,,,,,,,,,,,,,,,N2,240,-,-,0,Skipped,-,-
,,,,,,,,,,,,,,,,N4,-,07-07-2026 22:52:43,07-07-2026 22:53:10,28,Unknown,-,-
,,,,,,,,,,,,,,,,N5,-,07-07-2026 22:53:10,07-07-2026 22:53:54,44,Unknown,-,-
90,07-07-2026 22:53:54,SURIN-BFW_XTRON_3,119||124,SANDEEP||GULAB KUMAR,5101,JCB PIVOT OUTER,-,-,-,610,00:03:07,00:03:24,00:00:00,00:00:00,NEW,N1,180,07-07-2026 22:55:53,07-07-2026 22:58:54,96,Completed,-,-
,,,,,,,,,,,,,,,,N2,240,-,-,0,Skipped,-,-
,,,,,,,,,,,,,,,,N4,-,07-07-2026 22:58:54,07-07-2026 22:59:42,48,Unknown,-,-
,,,,,,,,,,,,,,,,N5,-,07-07-2026 22:59:42,07-07-2026 23:00:25,44,Unknown,-,-
91,07-07-2026 23:00:25,SURIN-BFW_XTRON_3,119||124,SANDEEP||GULAB KUMAR,5101,JCB PIVOT OUTER,-,-,-,611,00:03:11,00:10:24,00:00:00,00:00:00,NEW,N1,180,07-07-2026 23:08:33,07-07-2026 23:12:29,99,Completed,-,-
,,,,,,,,,,,,,,,,N2,240,-,-,0,Skipped,-,-
,,,,,,,,,,,,,,,,N4,-,07-07-2026 23:12:29,07-07-2026 23:13:15,47,Unknown,-,-
,,,,,,,,,,,,,,,,N5,-,07-07-2026 23:13:15,07-07-2026 23:14:00,45,Unknown,-,-
92,07-07-2026 23:00:37,SURIN-BFW_XTRON_1,119,SANDEEP,1001162990,JLG 450 CHASSIS BEARING,-,-,-,22,00:33:07,01:17:28,00:00:00,00:00:00,NEW,N10,40,-,-,0,Skipped,-,-
93,07-07-2026 23:14:00,SURIN-BFW_XTRON_3,119||124,SANDEEP||GULAB KUMAR,5101,JCB PIVOT OUTER,-,-,-,612,00:03:11,00:03:59,00:00:00,00:00:00,NEW,N1,180,07-07-2026 23:16:15,07-07-2026 23:19:39,101,Completed,-,-
,,,,,,,,,,,,,,,,N2,240,-,-,0,Skipped,-,-
,,,,,,,,,,,,,,,,N4,-,07-07-2026 23:19:39,07-07-2026 23:20:26,47,Unknown,-,-
,,,,,,,,,,,,,,,,N5,-,07-07-2026 23:20:26,07-07-2026 23:21:10,44,Unknown,-,-
94,07-07-2026 23:21:10,SURIN-BFW_XTRON_3,119||124,SANDEEP||GULAB KUMAR,5101,JCB PIVOT OUTER,-,-,-,613,00:03:16,00:11:04,00:00:00,00:00:00,NEW,N1,180,07-07-2026 23:30:27,07-07-2026 23:33:56,103,Completed,-,-
,,,,,,,,,,,,,,,,N2,240,-,-,0,Skipped,-,-
,,,,,,,,,,,,,,,,N4,-,07-07-2026 23:33:56,07-07-2026 23:34:45,49,Unknown,-,-
,,,,,,,,,,,,,,,,N5,-,07-07-2026 23:34:45,07-07-2026 23:35:29,44,Unknown,-,-
95,07-07-2026 23:35:29,SURIN-BFW_XTRON_3,119||124,SANDEEP||GULAB KUMAR,5101,JCB PIVOT OUTER,-,-,-,614,00:03:19,00:04:28,00:00:00,00:00:00,NEW,N1,180,07-07-2026 23:37:42,07-07-2026 23:41:45,108,Completed,-,-
,,,,,,,,,,,,,,,,N2,240,-,-,0,Skipped,-,-
,,,,,,,,,,,,,,,,N4,-,07-07-2026 23:41:45,07-07-2026 23:42:33,48,Unknown,-,-
,,,,,,,,,,,,,,,,N5,-,07-07-2026 23:42:33,07-07-2026 23:43:16,44,Unknown,-,-
96,07-07-2026 23:43:16,SURIN-BFW_XTRON_3,119||124,SANDEEP||GULAB KUMAR,5101,JCB PIVOT OUTER,302890001,-,-,615,00:51:37,00:35:09,00:00:00,00:00:00,NEW,N1,180,07-07-2026 23:56:37,08-07-2026 01:10:02,3097,Completed,-,-
,,,,,,,,,,,,,,,,N2,240,-,-,0,Skipped,-,-
97,08-07-2026 00:51:11,SURIN-BFW_XTRON_1,119||125,SANDEEP||AKASH PATEL,1001162990,JLG 450 CHASSIS BEARING,406019004,-,-,23,01:35:35,00:25:48,00:00:00,00:00:00,NEW,N10,40,-,-,0,Skipped,-,-
,,,,,,,,,,,,,,,,N102,-,08-07-2026 01:52:56,08-07-2026 01:53:05,9,Unknown,-,-
98,08-07-2026 01:10:02,SURIN-BFW_XTRON_3,119||124,SANDEEP||GULAB KUMAR,5101,JCB PIVOT OUTER,302890001,-,1,616,01:15:38,02:10:08,00:00:40,00:00:00,duplicate,N1,180,-,-,0,Skipped,-,-
,,,,,,,,,,,,,,,,N2,240,08-07-2026 01:37:39,08-07-2026 02:26:38,765,Incomplete,-,Network Off
,,,,,,,,,,,,,,,,N2,240,08-07-2026 02:26:38,08-07-2026 02:31:18,76,Incomplete,-,Network Off
,,,,,,,,,,,,,,,,N2,240,08-07-2026 02:31:18,08-07-2026 02:40:59,415,Incomplete,-,Network Off
,,,,,,,,,,,,,,,,N2,240,08-07-2026 02:40:59,08-07-2026 02:44:28,103,Rework-3,-,-
,,,,,,,,,,,,,,,,N1,180,08-07-2026 02:44:28,08-07-2026 03:42:11,1609,Incomplete,-,Network Off
,,,,,,,,,,,,,,,,N1,180,08-07-2026 03:42:11,08-07-2026 03:53:14,0,Incomplete,-,Network Off
,,,,,,,,,,,,,,,,N1,180,08-07-2026 03:53:14,08-07-2026 04:05:34,0,Incomplete,-,Network Off
,,,,,,,,,,,,,,,,N1,180,08-07-2026 04:05:34,08-07-2026 04:30:27,1210,Incomplete,-,Network Off
,,,,,,,,,,,,,,,,N1,180,08-07-2026 04:30:27,08-07-2026 04:36:27,361,Rework-4,-,-
99,08-07-2026 02:52:34,SURIN-BFW_XTRON_1,125||119,AKASH PATEL||SANDEEP,1001162990,JLG 450 CHASSIS BEARING,3,-,0,25,00:43:27,00:37:21,00:00:06,00:00:04,duplicate,N10,40,-,-,0,Skipped,-,-
,,,,,,,,,,,,,,,,N1,-,08-07-2026 03:56:51,08-07-2026 03:58:56,122,Incomplete,2130 PRODUCTION PART COUNT REACHED.,Network Off
,,,,,,,,,,,,,,,,N1,-,08-07-2026 03:58:56,08-07-2026 04:13:32,876,Unknown,2130 PRODUCTION PART COUNT REACHED.,-
100,08-07-2026 03:28:23,SURIN-BFW_XTRON_2,125||121||124,AKASH PATEL||OMKAR||GULAB KUMAR,1001162077||330,JLG 450 CHASSIS||HYUNDAI-R80 LOWER-DOZZER PLATE,301001001,-,1,15,00:02:51,00:11:42,00:00:05,00:00:00,NEW,N1,420,08-07-2026 03:43:00,08-07-2026 03:43:00,0,Completed,-,-
,,,,,,,,,,,,,,,,N2,720,-,-,0,Skipped,-,-
,,,,,,,,,,,,,,,,N3,60,-,-,0,Skipped,-,-
,,,,,,,,,,,,,,,,N4,120,-,-,0,Skipped,-,-
,,,,,,,,,,,,,,,,N5,60,-,-,0,Skipped,-,-
,,,,,,,,,,,,,,,,N6,60,-,-,0,Skipped,-,-
,,,,,,,,,,,,,,,,N7,60,-,-,0,Skipped,-,-
,,,,,,,,,,,,,,,,N8,360,-,-,0,Skipped,-,-
,,,,,,,,,,,,,,,,N9,360,-,-,0,Skipped,-,-
,,,,,,,,,,,,,,,,N10,120,-,-,0,Skipped,-,-
,,,,,,,,,,,,,,,,N11,120,-,-,0,Skipped,-,-
,,,,,,,,,,,,,,,,N12,420,-,-,0,Skipped,-,-
,,,,,,,,,,,,,,,,N13,420,-,-,0,Skipped,-,-
,,,,,,,,,,,,,,,,N14,120,-,-,0,Skipped,-,-
,,,,,,,,,,,,,,,,N15,120,-,-,0,Skipped,-,-
,,,,,,,,,,,,,,,,N16,120,-,-,0,Skipped,-,-
,,,,,,,,,,,,,,,,N17,120,-,-,0,Skipped,-,-
,,,,,,,,,,,,,,,,N18,120,-,-,0,Skipped,-,-
,,,,,,,,,,,,,,,,N19,120,-,-,0,Skipped,-,-
,,,,,,,,,,,,,,,,N20,960,-,-,0,Skipped,-,-
,,,,,,,,,,,,,,,,N21,960,-,-,0,Skipped,-,-
,,,,,,,,,,,,,,,,N22,240,-,-,0,Skipped,-,-
,,,,,,,,,,,,,,,,N23,720,-,-,0,Skipped,-,-
,,,,,,,,,,,,,,,,N24,60,-,-,0,Skipped,-,-
,,,,,,,,,,,,,,,,N25,60,-,-,0,Skipped,-,-
,,,,,,,,,,,,,,,,N26,60,-,-,0,Skipped,-,-
,,,,,,,,,,,,,,,,N27,60,-,-,0,Skipped,-,-
,,,,,,,,,,,,,,,,N28,60,-,-,0,Skipped,-,-
,,,,,,,,,,,,,,,,N10,40,-,-,0,Skipped,-,-
,,,,,,,,,,,,,,,,N1,-,08-07-2026 03:43:00,08-07-2026 03:43:00,0,Unknown,-,-
101,08-07-2026 03:43:00,SURIN-BFW_XTRON_2,125||121||124,AKASH PATEL||OMKAR||GULAB KUMAR,1001162077||330,JLG 450 CHASSIS||HYUNDAI-R80 LOWER-DOZZER PLATE,301001001,-,1,16,00:21:30,00:13:22,00:00:03,00:00:05,duplicate,N1,420,08-07-2026 03:43:00,08-07-2026 04:10:22,902,Incomplete,-,Network Off
,,,,,,,,,,,,,,,,N2,720,-,-,0,Skipped,-,-
,,,,,,,,,,,,,,,,N3,60,-,-,0,Skipped,-,-
,,,,,,,,,,,,,,,,N4,120,-,-,0,Skipped,-,-
,,,,,,,,,,,,,,,,N5,60,-,-,0,Skipped,-,-
,,,,,,,,,,,,,,,,N6,60,-,-,0,Skipped,-,-
,,,,,,,,,,,,,,,,N7,60,-,-,0,Skipped,-,-
,,,,,,,,,,,,,,,,N8,360,-,-,0,Skipped,-,-
,,,,,,,,,,,,,,,,N9,360,-,-,0,Skipped,-,-
,,,,,,,,,,,,,,,,N10,120,-,-,0,Skipped,-,-
,,,,,,,,,,,,,,,,N11,120,-,-,0,Skipped,-,-
,,,,,,,,,,,,,,,,N12,420,-,-,0,Skipped,-,-
,,,,,,,,,,,,,,,,N13,420,-,-,0,Skipped,-,-
,,,,,,,,,,,,,,,,N14,120,-,-,0,Skipped,-,-
,,,,,,,,,,,,,,,,N15,120,-,-,0,Skipped,-,-
,,,,,,,,,,,,,,,,N16,120,-,-,0,Skipped,-,-
,,,,,,,,,,,,,,,,N17,120,-,-,0,Skipped,-,-
,,,,,,,,,,,,,,,,N18,120,-,-,0,Skipped,-,-
,,,,,,,,,,,,,,,,N19,120,-,-,0,Skipped,-,-
,,,,,,,,,,,,,,,,N20,960,-,-,0,Skipped,-,-
,,,,,,,,,,,,,,,,N21,960,-,-,0,Skipped,-,-
,,,,,,,,,,,,,,,,N22,240,-,-,0,Skipped,-,-
,,,,,,,,,,,,,,,,N23,720,-,-,0,Skipped,-,-
,,,,,,,,,,,,,,,,N24,60,-,-,0,Skipped,-,-
,,,,,,,,,,,,,,,,N25,60,-,-,0,Skipped,-,-
,,,,,,,,,,,,,,,,N26,60,-,-,0,Skipped,-,-
,,,,,,,,,,,,,,,,N27,60,-,-,0,Skipped,-,-
,,,,,,,,,,,,,,,,N28,60,-,-,0,Skipped,-,-
,,,,,,,,,,,,,,,,N1,420,08-07-2026 04:10:22,08-07-2026 04:17:59,388,Rework-1,-,-
,,,,,,,,,,,,,,,,N10,40,-,-,0,Skipped,-,-
,,,,,,,,,,,,,,,,N1,-,08-07-2026 03:43:00,08-07-2026 04:10:22,902,Incomplete,-,Network Off
,,,,,,,,,,,,,,,,N1,-,08-07-2026 04:10:22,08-07-2026 04:17:59,388,Unknown,-,-
102,08-07-2026 04:13:32,SURIN-BFW_XTRON_1,119||125,SANDEEP||AKASH PATEL,1001162990,JLG 450 CHASSIS BEARING,406019004,-,-,26,01:00:22,00:01:04,00:00:00,00:00:00,duplicate,N10,40,-,-,0,Skipped,-,-
,,,,,,,,,,,,,,,,N102,-,08-07-2026 04:14:13,08-07-2026 04:14:15,3,Unknown,-,-
103,08-07-2026 04:17:59,SURIN-BFW_XTRON_2,125||121||124,AKASH PATEL||OMKAR||GULAB KUMAR,1001162077||330,JLG 450 CHASSIS||HYUNDAI-R80 LOWER-DOZZER PLATE,-,-,-,17,00:19:40,00:37:30,00:00:00,00:00:03,NEW,N1,420,-,-,0,Skipped,-,-
,,,,,,,,,,,,,,,,N2,720,-,-,0,Skipped,-,-
,,,,,,,,,,,,,,,,N3,60,-,-,0,Skipped,-,-
,,,,,,,,,,,,,,,,N4,120,-,-,0,Skipped,-,-
,,,,,,,,,,,,,,,,N5,60,-,-,0,Skipped,-,-
,,,,,,,,,,,,,,,,N6,60,-,-,0,Skipped,-,-
,,,,,,,,,,,,,,,,N7,60,-,-,0,Skipped,-,-
,,,,,,,,,,,,,,,,N8,360,-,-,0,Skipped,-,-
,,,,,,,,,,,,,,,,N9,360,-,-,0,Skipped,-,-
,,,,,,,,,,,,,,,,N10,120,-,-,0,Skipped,-,-
,,,,,,,,,,,,,,,,N11,120,-,-,0,Skipped,-,-
,,,,,,,,,,,,,,,,N12,420,-,-,0,Skipped,-,-
,,,,,,,,,,,,,,,,N13,420,-,-,0,Skipped,-,-
,,,,,,,,,,,,,,,,N14,120,-,-,0,Skipped,-,-
,,,,,,,,,,,,,,,,N15,120,-,-,0,Skipped,-,-
,,,,,,,,,,,,,,,,N16,120,-,-,0,Skipped,-,-
,,,,,,,,,,,,,,,,N17,120,-,-,0,Skipped,-,-
,,,,,,,,,,,,,,,,N18,120,-,-,0,Skipped,-,-
,,,,,,,,,,,,,,,,N19,120,-,-,0,Skipped,-,-
,,,,,,,,,,,,,,,,N20,960,-,-,0,Skipped,-,-
,,,,,,,,,,,,,,,,N21,960,-,-,0,Skipped,-,-
,,,,,,,,,,,,,,,,N22,240,-,-,0,Skipped,-,-
,,,,,,,,,,,,,,,,N23,720,-,-,0,Skipped,-,-
,,,,,,,,,,,,,,,,N24,60,-,-,0,Skipped,-,-
,,,,,,,,,,,,,,,,N25,60,-,-,0,Skipped,-,-
,,,,,,,,,,,,,,,,N26,60,-,-,0,Skipped,-,-
,,,,,,,,,,,,,,,,N27,60,-,-,0,Skipped,-,-
,,,,,,,,,,,,,,,,N28,60,-,-,0,Skipped,-,-
,,,,,,,,,,,,,,,,N10,40,-,-,0,Skipped,-,-
104,08-07-2026 04:36:27,SURIN-BFW_XTRON_3,119||124,SANDEEP||GULAB KUMAR,5101,JCB PIVOT OUTER,302890001,-,1,618,00:23:25,03:05:56,01:44:32,00:04:00,duplicate,N1,180,08-07-2026 07:21:22,08-07-2026 08:00:00,0,Completed,-,-
,,,,,,,,,,,,,,,,N2,240,-,-,0,Skipped,-,-
105,08-07-2026 05:14:57,SURIN-BFW_XTRON_1,125||117,AKASH PATEL||SANDESH PRAJAPATI,-,No component,406019004,-,0,27,02:02:47,04:23:44,00:01:56,00:00:51,NEW,,,,,,,,
106,08-07-2026 05:15:12,SURIN-BFW_XTRON_2,125||121||124,AKASH PATEL||OMKAR||GULAB KUMAR,1001162077||330,JLG 450 CHASSIS||HYUNDAI-R80 LOWER-DOZZER PLATE,-,-,-,18,00:29:52,00:11:50,00:00:00,00:00:36,NEW,N1,420,-,-,0,Skipped,-,-
,,,,,,,,,,,,,,,,N2,720,-,-,0,Skipped,-,-
,,,,,,,,,,,,,,,,N3,60,-,-,0,Skipped,-,-
,,,,,,,,,,,,,,,,N4,120,-,-,0,Skipped,-,-
,,,,,,,,,,,,,,,,N5,60,-,-,0,Skipped,-,-
,,,,,,,,,,,,,,,,N6,60,-,-,0,Skipped,-,-
,,,,,,,,,,,,,,,,N7,60,-,-,0,Skipped,-,-
,,,,,,,,,,,,,,,,N8,360,-,-,0,Skipped,-,-
,,,,,,,,,,,,,,,,N9,360,-,-,0,Skipped,-,-
,,,,,,,,,,,,,,,,N10,120,-,-,0,Skipped,-,-
,,,,,,,,,,,,,,,,N11,120,-,-,0,Skipped,-,-
,,,,,,,,,,,,,,,,N12,420,-,-,0,Skipped,-,-
,,,,,,,,,,,,,,,,N13,420,-,-,0,Skipped,-,-
,,,,,,,,,,,,,,,,N14,120,-,-,0,Skipped,-,-
,,,,,,,,,,,,,,,,N15,120,-,-,0,Skipped,-,-
,,,,,,,,,,,,,,,,N16,120,-,-,0,Skipped,-,-
,,,,,,,,,,,,,,,,N17,120,-,-,0,Skipped,-,-
,,,,,,,,,,,,,,,,N18,120,-,-,0,Skipped,-,-
,,,,,,,,,,,,,,,,N19,120,-,-,0,Skipped,-,-
,,,,,,,,,,,,,,,,N20,960,-,-,0,Skipped,-,-
,,,,,,,,,,,,,,,,N21,960,-,-,0,Skipped,-,-
,,,,,,,,,,,,,,,,N22,240,-,-,0,Skipped,-,-
,,,,,,,,,,,,,,,,N23,720,-,-,0,Skipped,-,-
,,,,,,,,,,,,,,,,N24,60,-,-,0,Skipped,-,-
,,,,,,,,,,,,,,,,N25,60,-,-,0,Skipped,-,-
,,,,,,,,,,,,,,,,N26,60,-,-,0,Skipped,-,-
,,,,,,,,,,,,,,,,N27,60,-,-,0,Skipped,-,-
,,,,,,,,,,,,,,,,N28,60,-,-,0,Skipped,-,-
,,,,,,,,,,,,,,,,N10,40,-,-,0,Skipped,-,-
107,08-07-2026 05:57:29,SURIN-BFW_XTRON_2,125||121||124,AKASH PATEL||OMKAR||GULAB KUMAR,1001162077||330,JLG 450 CHASSIS||HYUNDAI-R80 LOWER-DOZZER PLATE,-,-,-,19,00:19:19,00:18:59,00:00:00,00:01:16,NEW,N1,420,-,-,0,Skipped,-,-
,,,,,,,,,,,,,,,,N2,720,-,-,0,Skipped,-,-
,,,,,,,,,,,,,,,,N3,60,-,-,0,Skipped,-,-
,,,,,,,,,,,,,,,,N4,120,-,-,0,Skipped,-,-
,,,,,,,,,,,,,,,,N5,60,-,-,0,Skipped,-,-
,,,,,,,,,,,,,,,,N6,60,-,-,0,Skipped,-,-
,,,,,,,,,,,,,,,,N7,60,-,-,0,Skipped,-,-
,,,,,,,,,,,,,,,,N8,360,-,-,0,Skipped,-,-
,,,,,,,,,,,,,,,,N9,360,-,-,0,Skipped,-,-
,,,,,,,,,,,,,,,,N10,120,-,-,0,Skipped,-,-
,,,,,,,,,,,,,,,,N11,120,-,-,0,Skipped,-,-
,,,,,,,,,,,,,,,,N12,420,-,-,0,Skipped,-,-
,,,,,,,,,,,,,,,,N13,420,-,-,0,Skipped,-,-
,,,,,,,,,,,,,,,,N14,120,-,-,0,Skipped,-,-
,,,,,,,,,,,,,,,,N15,120,-,-,0,Skipped,-,-
,,,,,,,,,,,,,,,,N16,120,-,-,0,Skipped,-,-
,,,,,,,,,,,,,,,,N17,120,-,-,0,Skipped,-,-
,,,,,,,,,,,,,,,,N18,120,-,-,0,Skipped,-,-
,,,,,,,,,,,,,,,,N19,120,-,-,0,Skipped,-,-
,,,,,,,,,,,,,,,,N20,960,-,-,0,Skipped,-,-
,,,,,,,,,,,,,,,,N21,960,-,-,0,Skipped,-,-
,,,,,,,,,,,,,,,,N22,240,-,-,0,Skipped,-,-
,,,,,,,,,,,,,,,,N23,720,-,-,0,Skipped,-,-
,,,,,,,,,,,,,,,,N24,60,-,-,0,Skipped,-,-
,,,,,,,,,,,,,,,,N25,60,-,-,0,Skipped,-,-
,,,,,,,,,,,,,,,,N26,60,-,-,0,Skipped,-,-
,,,,,,,,,,,,,,,,N27,60,-,-,0,Skipped,-,-
,,,,,,,,,,,,,,,,N28,60,-,-,0,Skipped,-,-
,,,,,,,,,,,,,,,,N10,40,-,-,0,Skipped,-,-
108,08-07-2026 06:37:02,SURIN-BFW_XTRON_2,125||121||124,AKASH PATEL||OMKAR||GULAB KUMAR,1001162077||330,JLG 450 CHASSIS||HYUNDAI-R80 LOWER-DOZZER PLATE,-,-,-,20,00:19:17,00:09:05,00:00:00,00:00:13,NEW,N1,420,-,-,0,Skipped,-,-
,,,,,,,,,,,,,,,,N2,720,-,-,0,Skipped,-,-
,,,,,,,,,,,,,,,,N3,60,-,-,0,Skipped,-,-
,,,,,,,,,,,,,,,,N4,120,-,-,0,Skipped,-,-
,,,,,,,,,,,,,,,,N5,60,-,-,0,Skipped,-,-
,,,,,,,,,,,,,,,,N6,60,-,-,0,Skipped,-,-
,,,,,,,,,,,,,,,,N7,60,-,-,0,Skipped,-,-
,,,,,,,,,,,,,,,,N8,360,-,-,0,Skipped,-,-
,,,,,,,,,,,,,,,,N9,360,-,-,0,Skipped,-,-
,,,,,,,,,,,,,,,,N10,120,-,-,0,Skipped,-,-
,,,,,,,,,,,,,,,,N11,120,-,-,0,Skipped,-,-
,,,,,,,,,,,,,,,,N12,420,-,-,0,Skipped,-,-
,,,,,,,,,,,,,,,,N13,420,-,-,0,Skipped,-,-
,,,,,,,,,,,,,,,,N14,120,-,-,0,Skipped,-,-
,,,,,,,,,,,,,,,,N15,120,-,-,0,Skipped,-,-
,,,,,,,,,,,,,,,,N16,120,-,-,0,Skipped,-,-
,,,,,,,,,,,,,,,,N17,120,-,-,0,Skipped,-,-
,,,,,,,,,,,,,,,,N18,120,-,-,0,Skipped,-,-
,,,,,,,,,,,,,,,,N19,120,-,-,0,Skipped,-,-
,,,,,,,,,,,,,,,,N20,960,-,-,0,Skipped,-,-
,,,,,,,,,,,,,,,,N21,960,-,-,0,Skipped,-,-
,,,,,,,,,,,,,,,,N22,240,-,-,0,Skipped,-,-
,,,,,,,,,,,,,,,,N23,720,-,-,0,Skipped,-,-
,,,,,,,,,,,,,,,,N24,60,-,-,0,Skipped,-,-
,,,,,,,,,,,,,,,,N25,60,-,-,0,Skipped,-,-
,,,,,,,,,,,,,,,,N26,60,-,-,0,Skipped,-,-
,,,,,,,,,,,,,,,,N27,60,-,-,0,Skipped,-,-
,,,,,,,,,,,,,,,,N28,60,-,-,0,Skipped,-,-
,,,,,,,,,,,,,,,,N10,40,-,-,0,Skipped,-,-
109,08-07-2026 07:05:37,SURIN-BFW_XTRON_2,125||121||124,AKASH PATEL||OMKAR||GULAB KUMAR,1001162077||330,JLG 450 CHASSIS||HYUNDAI-R80 LOWER-DOZZER PLATE,301001001,-,1,21,00:17:49,00:07:46,00:01:28,00:00:37,duplicate,N1,420,08-07-2026 07:15:42,08-07-2026 07:33:15,1013,Completed,-,-
,,,,,,,,,,,,,,,,N2,720,-,-,0,Skipped,-,-
,,,,,,,,,,,,,,,,N3,60,-,-,0,Skipped,-,-
,,,,,,,,,,,,,,,,N4,120,-,-,0,Skipped,-,-
,,,,,,,,,,,,,,,,N5,60,-,-,0,Skipped,-,-
,,,,,,,,,,,,,,,,N6,60,-,-,0,Skipped,-,-
,,,,,,,,,,,,,,,,N7,60,-,-,0,Skipped,-,-
,,,,,,,,,,,,,,,,N8,360,-,-,0,Skipped,-,-
,,,,,,,,,,,,,,,,N9,360,-,-,0,Skipped,-,-
,,,,,,,,,,,,,,,,N10,120,-,-,0,Skipped,-,-
,,,,,,,,,,,,,,,,N11,120,-,-,0,Skipped,-,-
,,,,,,,,,,,,,,,,N12,420,-,-,0,Skipped,-,-
,,,,,,,,,,,,,,,,N13,420,-,-,0,Skipped,-,-
,,,,,,,,,,,,,,,,N14,120,-,-,0,Skipped,-,-
,,,,,,,,,,,,,,,,N15,120,-,-,0,Skipped,-,-
,,,,,,,,,,,,,,,,N16,120,-,-,0,Skipped,-,-
,,,,,,,,,,,,,,,,N17,120,-,-,0,Skipped,-,-
,,,,,,,,,,,,,,,,N18,120,-,-,0,Skipped,-,-
,,,,,,,,,,,,,,,,N19,120,-,-,0,Skipped,-,-
,,,,,,,,,,,,,,,,N20,960,-,-,0,Skipped,-,-
,,,,,,,,,,,,,,,,N21,960,-,-,0,Skipped,-,-
,,,,,,,,,,,,,,,,N22,240,-,-,0,Skipped,-,-
,,,,,,,,,,,,,,,,N23,720,-,-,0,Skipped,-,-
,,,,,,,,,,,,,,,,N24,60,-,-,0,Skipped,-,-
,,,,,,,,,,,,,,,,N25,60,-,-,0,Skipped,-,-
,,,,,,,,,,,,,,,,N26,60,-,-,0,Skipped,-,-
,,,,,,,,,,,,,,,,N27,60,-,-,0,Skipped,-,-
,,,,,,,,,,,,,,,,N28,60,-,-,0,Skipped,-,-
,,,,,,,,,,,,,,,,N10,40,-,-,0,Skipped,-,-
,,,,,,,,,,,,,,,,N1,-,08-07-2026 07:15:42,08-07-2026 07:33:15,1013,Unknown,-,-
110,08-07-2026 07:33:15,SURIN-BFW_XTRON_2,125||121||124,AKASH PATEL||OMKAR||GULAB KUMAR,1001162077||330,JLG 450 CHASSIS||HYUNDAI-R80 LOWER-DOZZER PLATE,-,-,-,22,00:19:18,00:06:50,00:00:00,00:00:24,NEW,N1,420,-,-,0,Skipped,-,-
,,,,,,,,,,,,,,,,N2,720,-,-,0,Skipped,-,-
,,,,,,,,,,,,,,,,N3,60,-,-,0,Skipped,-,-
,,,,,,,,,,,,,,,,N4,120,-,-,0,Skipped,-,-
,,,,,,,,,,,,,,,,N5,60,-,-,0,Skipped,-,-
,,,,,,,,,,,,,,,,N6,60,-,-,0,Skipped,-,-
,,,,,,,,,,,,,,,,N7,60,-,-,0,Skipped,-,-
,,,,,,,,,,,,,,,,N8,360,-,-,0,Skipped,-,-
,,,,,,,,,,,,,,,,N9,360,-,-,0,Skipped,-,-
,,,,,,,,,,,,,,,,N10,120,-,-,0,Skipped,-,-
,,,,,,,,,,,,,,,,N11,120,-,-,0,Skipped,-,-
,,,,,,,,,,,,,,,,N12,420,-,-,0,Skipped,-,-
,,,,,,,,,,,,,,,,N13,420,-,-,0,Skipped,-,-
,,,,,,,,,,,,,,,,N14,120,-,-,0,Skipped,-,-
,,,,,,,,,,,,,,,,N15,120,-,-,0,Skipped,-,-
,,,,,,,,,,,,,,,,N16,120,-,-,0,Skipped,-,-
,,,,,,,,,,,,,,,,N17,120,-,-,0,Skipped,-,-
,,,,,,,,,,,,,,,,N18,120,-,-,0,Skipped,-,-
,,,,,,,,,,,,,,,,N19,120,-,-,0,Skipped,-,-
,,,,,,,,,,,,,,,,N20,960,-,-,0,Skipped,-,-
,,,,,,,,,,,,,,,,N21,960,-,-,0,Skipped,-,-
,,,,,,,,,,,,,,,,N22,240,-,-,0,Skipped,-,-
,,,,,,,,,,,,,,,,N23,720,-,-,0,Skipped,-,-
,,,,,,,,,,,,,,,,N24,60,-,-,0,Skipped,-,-
,,,,,,,,,,,,,,,,N25,60,-,-,0,Skipped,-,-
,,,,,,,,,,,,,,,,N26,60,-,-,0,Skipped,-,-
,,,,,,,,,,,,,,,,N27,60,-,-,0,Skipped,-,-
,,,,,,,,,,,,,,,,N28,60,-,-,0,Skipped,-,-
,,,,,,,,,,,,,,,,N10,40,-,-,0,Skipped,-,-
111,08-07-2026 07:59:46,SURIN-BFW_XTRON_2,125||121||124,AKASH PATEL||OMKAR||GULAB KUMAR,1001162077||330,JLG 450 CHASSIS||HYUNDAI-R80 LOWER-DOZZER PLATE,301001001,-,1,23,00:19:50,00:18:23,00:00:07,00:04:44,duplicate,N1,420,-,-,0,Skipped,-,-
,,,,,,,,,,,,,,,,N2,720,-,-,0,Skipped,-,-
,,,,,,,,,,,,,,,,N3,60,-,-,0,Skipped,-,-
,,,,,,,,,,,,,,,,N4,120,-,-,0,Skipped,-,-
,,,,,,,,,,,,,,,,N5,60,-,-,0,Skipped,-,-
,,,,,,,,,,,,,,,,N6,60,-,-,0,Skipped,-,-
,,,,,,,,,,,,,,,,N7,60,-,-,0,Skipped,-,-
,,,,,,,,,,,,,,,,N8,360,-,-,0,Skipped,-,-
,,,,,,,,,,,,,,,,N9,360,-,-,0,Skipped,-,-
,,,,,,,,,,,,,,,,N10,120,-,-,0,Skipped,-,-
,,,,,,,,,,,,,,,,N11,120,-,-,0,Skipped,-,-
,,,,,,,,,,,,,,,,N12,420,-,-,0,Skipped,-,-
,,,,,,,,,,,,,,,,N13,420,-,-,0,Skipped,-,-
,,,,,,,,,,,,,,,,N14,120,-,-,0,Skipped,-,-
,,,,,,,,,,,,,,,,N15,120,-,-,0,Skipped,-,-
,,,,,,,,,,,,,,,,N16,120,-,-,0,Skipped,-,-
,,,,,,,,,,,,,,,,N17,120,-,-,0,Skipped,-,-
,,,,,,,,,,,,,,,,N18,120,-,-,0,Skipped,-,-
,,,,,,,,,,,,,,,,N19,120,-,-,0,Skipped,-,-
,,,,,,,,,,,,,,,,N20,960,-,-,0,Skipped,-,-
,,,,,,,,,,,,,,,,N21,960,-,-,0,Skipped,-,-
,,,,,,,,,,,,,,,,N22,240,-,-,0,Skipped,-,-
,,,,,,,,,,,,,,,,N23,720,-,-,0,Skipped,-,-
,,,,,,,,,,,,,,,,N24,60,-,-,0,Skipped,-,-
,,,,,,,,,,,,,,,,N25,60,-,-,0,Skipped,-,-
,,,,,,,,,,,,,,,,N26,60,-,-,0,Skipped,-,-
,,,,,,,,,,,,,,,,N27,60,-,-,0,Skipped,-,-
,,,,,,,,,,,,,,,,N28,60,-,-,0,Skipped,-,-
,,,,,,,,,,,,,,,,N10,40,-,-,0,Skipped,-,-
,,,,,,,,,,,,,,,,N1,-,08-07-2026 08:37:53,08-07-2026 08:42:49,261,Unknown,-,-
112,08-07-2026 08:42:49,SURIN-BFW_XTRON_2,125||124||121,AKASH PATEL||GULAB KUMAR||OMKAR,330,HYUNDAI-R80 LOWER-DOZZER PLATE,-,-,-,24,00:01:14,00:01:37,00:00:00,00:00:00,NEW,N10,40,-,-,0,Skipped,-,-
113,08-07-2026 08:45:40,SURIN-BFW_XTRON_2,125||124||121,AKASH PATEL||GULAB KUMAR||OMKAR,330,HYUNDAI-R80 LOWER-DOZZER PLATE,301001001,-,1,25,00:18:12,00:33:30,00:00:03,00:00:44,NEW,N10,40,-,-,0,Skipped,-,-
,,,,,,,,,,,,,,,,N1,-,08-07-2026 08:57:01,08-07-2026 09:38:08,1092,Unknown,-,-
114,08-07-2026 09:38:08,SURIN-BFW_XTRON_2,125||124||121,AKASH PATEL||GULAB KUMAR||OMKAR,330,HYUNDAI-R80 LOWER-DOZZER PLATE,-,-,-,26,00:12:13,00:21:43,00:00:00,00:00:00,NEW,N10,40,-,-,0,Skipped,-,-
115,08-07-2026 09:54:19,SURIN-BFW_XTRON_3,119||124,SANDEEP||GULAB KUMAR,-,No component,302890001,-,1,619,00:10:11,01:54:40,00:05:10,00:02:27,NEW,,,,,,,,
116,08-07-2026 10:12:04,SURIN-BFW_XTRON_2,125||124||121||119,AKASH PATEL||GULAB KUMAR||OMKAR||SANDEEP,330||7110192,HYUNDAI-R80 LOWER-DOZZER PLATE||BOOM HEAD PIVOT GOOSNECK,301001001||306021006,-,1,27,00:20:24,02:34:03,00:11:55,00:00:22,NEW,N10,40,-,-,0,Skipped,-,-
,,,,,,,,,,,,,,,,N1,-,08-07-2026 10:34:59,08-07-2026 11:23:41,415,Incomplete,-,Network Off
,,,,,,,,,,,,,,,,N1,-,08-07-2026 11:23:41,08-07-2026 11:31:51,0,Incomplete,-,Network Off
,,,,,,,,,,,,,,,,N1,-,08-07-2026 11:31:51,08-07-2026 11:39:33,0,Incomplete,-,Network Off
,,,,,,,,,,,,,,,,N1,-,08-07-2026 11:39:33,08-07-2026 11:56:54,0,Incomplete,-,Network Off
,,,,,,,,,,,,,,,,N1,-,08-07-2026 11:56:54,08-07-2026 12:02:30,0,Incomplete,-,Network Off
,,,,,,,,,,,,,,,,N1,-,08-07-2026 12:02:30,08-07-2026 12:06:49,0,Incomplete,-,Network Off
,,,,,,,,,,,,,,,,N1,-,08-07-2026 12:06:49,08-07-2026 12:16:49,0,Incomplete,-,Network Off
,,,,,,,,,,,,,,,,N1,-,08-07-2026 12:16:49,08-07-2026 12:18:28,0,Incomplete,-,Network Off
,,,,,,,,,,,,,,,,N1,-,08-07-2026 12:18:28,08-07-2026 12:19:23,0,Incomplete,-,Network Off
,,,,,,,,,,,,,,,,N1,-,08-07-2026 12:19:23,08-07-2026 12:22:11,0,Incomplete,-,Network Off
,,,,,,,,,,,,,,,,N1,-,08-07-2026 12:22:11,08-07-2026 12:23:05,0,Incomplete,-,Network Off
,,,,,,,,,,,,,,,,N1,-,08-07-2026 12:23:05,08-07-2026 12:26:16,0,Incomplete,-,Network Off
,,,,,,,,,,,,,,,,N1,-,08-07-2026 12:26:16,08-07-2026 12:33:11,187,Incomplete,-,Network Off
,,,,,,,,,,,,,,,,N1,-,08-07-2026 12:33:11,08-07-2026 13:18:46,348,Unknown,-,-
,,,,,,,,,,,,,,,,N10,40,-,-,0,Skipped,-,-
,,,,,,,,,,,,,,,,N1,-,08-07-2026 12:23:05,08-07-2026 12:26:16,0,Incomplete,-,Network Off
,,,,,,,,,,,,,,,,N1,-,08-07-2026 12:26:16,08-07-2026 12:33:11,187,Incomplete,-,Network Off
,,,,,,,,,,,,,,,,N1,-,08-07-2026 12:33:11,08-07-2026 13:18:46,348,Running,-,-
117,08-07-2026 11:44:13,SURIN-BFW_XTRON_1,117,SANDESH PRAJAPATI,-,No component,406019004,-,0,28,00:18:21,01:10:19,00:05:51,00:00:00,NEW,,,,,,,,
118,08-07-2026 12:06:46,SURIN-BFW_XTRON_3,119||124,SANDEEP||GULAB KUMAR,-,No component,302890001,-,1,620,00:09:06,00:23:53,00:07:17,00:31:04,NEW,,,,,,,,
119,08-07-2026 13:18:05,SURIN-BFW_XTRON_3,119||124,SANDEEP||GULAB KUMAR,-,No component,-,-,-,621,00:00:00,00:00:44,00:00:00,00:00:00,NEW,,,,,,,,
